1759820219770,COUNT,1.0
1759820224766,COUNT,1.0
1759820229767,COUNT,1.0
1759820234768,COUNT,1.0
1759820239767,COUNT,1.0
1759820244767,COUNT,1.0
1759820249763,COUNT,1.0
1759820254766,COUNT,1.0
1759820259775,COUNT,1.0
1759820264765,COUNT,1.0
1759820269764,COUNT,1.0
1759820274766,COUNT,1.0
1759820279761,COUNT,1.0
1759820284771,COUNT,1.0
1759820289765,COUNT,1.0
1759820294766,COUNT,1.0
1759820299766,COUNT,1.0
1759820304766,COUNT,1.0
1759820309762,COUNT,1.0
1759820314766,COUNT,1.0
1759820319766,COUNT,1.0
1759820324773,COUNT,1.0
1759820329765,COUNT,1.0
1759820334771,COUNT,1.0
1759820339764,COUNT,1.0
1759820344763,COUNT,1.0
1759820349762,COUNT,1.0
1759820354760,COUNT,1.0
1759820359762,COUNT,1.0
1759820364767,COUNT,1.0
1759820369762,COUNT,1.0
1759820374768,COUNT,1.0
1759820379759,COUNT,1.0
1759820384764,COUNT,1.0
1759820389764,COUNT,1.0
1759820394766,COUNT,1.0
1759820399760,COUNT,1.0
1759820404762,COUNT,1.0
1759820409759,COUNT,1.0
1759820414762,COUNT,1.0
1759820419759,COUNT,1.0
1759820424767,COUNT,1.0
1759820429762,COUNT,1.0
1759820434762,COUNT,1.0
1759820439766,COUNT,1.0
1759820444761,COUNT,1.0
1759820449759,COUNT,1.0
1759820454760,COUNT,1.0
1759820459759,COUNT,1.0
1759820464762,COUNT,1.0
1759820469760,COUNT,1.0
1759820474756,COUNT,1.0
1759820479760,COUNT,1.0
1759820484760,COUNT,1.0
1759820489761,COUNT,1.0
1759820494762,COUNT,1.0
1759820499759,COUNT,1.0
1759820504760,COUNT,1.0
1759820509758,COUNT,1.0
1759820514760,COUNT,1.0
1759820519760,COUNT,1.0
1759820524759,COUNT,1.0
1759820529757,COUNT,1.0
1759820534759,COUNT,1.0
1759820539755,COUNT,1.0
1759820544759,COUNT,1.0
1759820549759,COUNT,1.0
1759820554759,COUNT,1.0
1759820559758,COUNT,1.0
1759820564761,COUNT,1.0
1759820569756,COUNT,1.0
1759820574759,COUNT,1.0
1759820579758,COUNT,1.0
1759820584763,COUNT,1.0
1759820589768,COUNT,1.0
1759820594780,COUNT,1.0
1759820599758,COUNT,1.0
1759820604758,COUNT,1.0
1759820609754,COUNT,1.0
1759820614757,COUNT,1.0
1759820619755,COUNT,1.0
1759820624754,COUNT,1.0
1759820629759,COUNT,1.0
1759820634759,COUNT,1.0
1759820639757,COUNT,1.0
1759820644760,COUNT,1.0
1759820649756,COUNT,1.0
1759820654754,COUNT,1.0
1759820659752,COUNT,1.0
1759820664756,COUNT,1.0
1759820669752,COUNT,1.0
1759820674755,COUNT,1.0
1759820679753,COUNT,1.0
1759820684756,COUNT,1.0
1759820689752,COUNT,1.0
1759820694755,COUNT,1.0
1759820699753,COUNT,1.0
1759820704755,COUNT,1.0
1759820709755,COUNT,1.0
1759820714755,COUNT,1.0
1759820719754,COUNT,1.0
1759820724751,COUNT,1.0
1759820729751,COUNT,1.0
1759820734751,COUNT,1.0
1759820739750,COUNT,1.0
1759820744754,COUNT,1.0
1759820749750,COUNT,1.0
1759820754757,COUNT,1.0
1759820759754,COUNT,1.0
1759820764772,COUNT,1.0
1759820769761,COUNT,1.0
1759820774752,COUNT,1.0
1759820779753,COUNT,1.0
1759820784753,COUNT,1.0
1759820789752,COUNT,1.0
1759820794753,COUNT,1.0
1759820799751,COUNT,1.0
1759820804751,COUNT,1.0
1759820809747,COUNT,1.0
1759820814752,COUNT,1.0
1759820819750,COUNT,1.0
1759820824748,COUNT,1.0
1759820829749,COUNT,1.0
1759820834752,COUNT,1.0
1759820839749,COUNT,1.0
1759820844751,COUNT,1.0
1759820849750,COUNT,1.0
1759820854749,COUNT,1.0
1759820859749,COUNT,1.0
1759820864753,COUNT,1.0
1759820869748,COUNT,1.0
1759820874750,COUNT,1.0
1759820879748,COUNT,1.0
1759820884748,COUNT,1.0
1759820889752,COUNT,1.0
1759820894750,COUNT,1.0
1759820899750,COUNT,1.0
1759820904750,COUNT,1.0
1759820909749,COUNT,1.0
1759820914747,COUNT,1.0
1759820919749,COUNT,1.0
1759820924752,COUNT,1.0
1759820929747,COUNT,1.0
1759820934750,COUNT,1.0
1759820939745,COUNT,1.0
1759820944747,COUNT,1.0
1759820949749,COUNT,1.0
1759820954746,COUNT,1.0
1759820959746,COUNT,1.0
1759820964749,COUNT,1.0
1759820969749,COUNT,1.0
1759820974748,COUNT,1.0
1759820979747,COUNT,1.0
1759820984746,COUNT,1.0
1759820989749,COUNT,1.0
1759820994749,COUNT,1.0
1759820999745,COUNT,1.0
1759821004750,COUNT,1.0
1759821009746,COUNT,1.0
1759821014751,COUNT,1.0
1759821019759,COUNT,1.0
1759821024756,COUNT,1.0
1759821029751,COUNT,1.0
1759821034761,COUNT,1.0
1759821082792,COUNT,1.0
1759821087800,COUNT,1.0
1759821092798,COUNT,1.0
1759821097798,COUNT,1.0
1759821102791,COUNT,1.0
1759821107797,COUNT,1.0
1759821112794,COUNT,1.0
1759821117798,COUNT,1.0
1759821122798,COUNT,1.0
1759821127798,COUNT,1.0
1759821132793,COUNT,1.0
1759821137797,COUNT,1.0
1759821142794,COUNT,1.0
1759821147795,COUNT,1.0
1759821152791,COUNT,1.0
1759821194616,COUNT,1.0
1759821199602,COUNT,1.0
1759821204605,COUNT,1.0
1759821209603,COUNT,1.0
1759821214602,COUNT,1.0
1759821219593,COUNT,1.0
1759821224595,COUNT,1.0
1759821229594,COUNT,1.0
1759821234599,COUNT,1.0
1759821239592,COUNT,1.0
1759821244599,COUNT,1.0
1759821249598,COUNT,1.0
1759821254598,COUNT,1.0
1759821259600,COUNT,1.0
1759821264598,COUNT,1.0
1759821274807,COUNT,1.0
1759821279808,COUNT,1.0
1759821284804,COUNT,1.0
1759821289802,COUNT,1.0
1759821294800,COUNT,1.0
1759821299804,COUNT,1.0
1759821304801,COUNT,1.0
1759821309825,COUNT,1.0
1759821314806,COUNT,1.0
1759821319811,COUNT,1.0
1759821324800,COUNT,1.0
1759821329805,COUNT,1.0
1759821334798,COUNT,1.0
1759821339801,COUNT,1.0
1759821344799,COUNT,1.0
1759821349807,COUNT,1.0
1759821354804,COUNT,1.0
1759821359813,COUNT,1.0
1759821364802,COUNT,1.0
1759821369802,COUNT,1.0
1759821374797,COUNT,1.0
1759821379805,COUNT,1.0
1759821384799,COUNT,1.0
1759821389805,COUNT,1.0
1759821394800,COUNT,1.0
1759821399805,COUNT,1.0
1759821404798,COUNT,1.0
1759821409805,COUNT,1.0
1759821414796,COUNT,1.0
1759821419801,COUNT,1.0
1759821424798,COUNT,1.0
1759821429798,COUNT,1.0
1759821434796,COUNT,1.0
1759821439797,COUNT,1.0
1759821444800,COUNT,1.0
1759821449799,COUNT,1.0
1759821454799,COUNT,1.0
1759821459799,COUNT,1.0
1759821464798,COUNT,1.0
1759821469798,COUNT,1.0
1759821474799,COUNT,1.0
1759821479799,COUNT,1.0
1759821484798,COUNT,1.0
1759821489801,COUNT,1.0
1759821494803,COUNT,1.0
1759821499798,COUNT,1.0
1759821504795,COUNT,1.0
1759821509799,COUNT,1.0
1759821514803,COUNT,1.0
1759821521504,COUNT,1.0
1759821526506,COUNT,1.0
1759821531502,COUNT,1.0
1759821536501,COUNT,1.0
1759821541505,COUNT,1.0
1759821546502,COUNT,1.0
1759821551504,COUNT,1.0
1759821556495,COUNT,1.0
1759821561504,COUNT,1.0
1759821566495,COUNT,1.0
1759822496469,COUNT,1.0
1759822501461,COUNT,1.0
1759822506453,COUNT,1.0
1759822511440,COUNT,1.0
1759822516439,COUNT,1.0
1759822521431,COUNT,1.0
1759822526431,COUNT,1.0
1759822531440,COUNT,1.0
1759822561236,COUNT,1.0
1759822566236,COUNT,1.0
1759822571228,COUNT,1.0
1759822576233,COUNT,1.0
1759822581230,COUNT,1.0
1759822586225,COUNT,1.0
1759822591230,COUNT,1.0
1759822596222,COUNT,1.0
1759822601231,COUNT,1.0
1759822606227,COUNT,1.0
1759822611229,COUNT,1.0
1759822616230,COUNT,1.0
1759822621227,COUNT,1.0
1759822626222,COUNT,1.0
1759822631228,COUNT,1.0
1759823502997,COUNT,1.0
1759823507998,COUNT,1.0
1759823512995,COUNT,1.0
1759823517997,COUNT,1.0
1759823522990,COUNT,1.0
1759823527995,COUNT,1.0
1759823532994,COUNT,1.0
1759823537994,COUNT,1.0
1759823542993,COUNT,1.0
1759823547996,COUNT,1.0
1759823552990,COUNT,1.0
1759823557996,COUNT,1.0
1759823562994,COUNT,1.0
1759823567994,COUNT,1.0
1759823583922,COUNT,1.0
1759823588924,COUNT,1.0
1759823593922,COUNT,1.0
1759823598917,COUNT,1.0
1759823603916,COUNT,1.0
1759823608921,COUNT,1.0
1759823613921,COUNT,1.0
1759823618916,COUNT,1.0
1759823623923,COUNT,1.0
1759823628921,COUNT,1.0
1759823720631,COUNT,1.0
1759823725634,COUNT,1.0
1759823730626,COUNT,1.0
1759823735632,COUNT,1.0
1759823740631,COUNT,1.0
1759823745633,COUNT,1.0
1759823750626,COUNT,1.0
1759823755634,COUNT,1.0
1759823760633,COUNT,1.0
1759823786059,COUNT,1.0
1759823791057,COUNT,1.0
1759823796063,COUNT,1.0
1759823801061,COUNT,1.0
1759823806057,COUNT,1.0
1759823811061,COUNT,1.0
1759823816063,COUNT,1.0
1759823821060,COUNT,1.0
1759823826062,COUNT,1.0
1759823831055,COUNT,1.0
1759823836063,COUNT,1.0
1759823841064,COUNT,1.0
1759823846062,COUNT,1.0
1759823851060,COUNT,1.0
1759823856059,COUNT,1.0
1759823947364,COUNT,1.0
1759823952368,COUNT,1.0
1759823957363,COUNT,1.0
1759823962365,COUNT,1.0
1759823967361,COUNT,1.0
1759823972367,COUNT,1.0
1759823977363,COUNT,1.0
1759823982364,COUNT,1.0
1759823987364,COUNT,1.0
1759823992363,COUNT,1.0
1759823997356,COUNT,1.0
1759824002361,COUNT,1.0
1759824007362,COUNT,1.0
1759824012365,COUNT,1.0
1759824017360,COUNT,1.0
1759824022363,COUNT,1.0
1759824027362,COUNT,1.0
1759824032362,COUNT,1.0
1759824037357,COUNT,1.0
1759824053425,COUNT,1.0
1759824058425,COUNT,1.0
1759824063425,COUNT,1.0
1759824068423,COUNT,1.0
1759824073428,COUNT,1.0
1759824078424,COUNT,1.0
1759824083425,COUNT,1.0
1759824088422,COUNT,1.0
1759824093425,COUNT,1.0
1759824098420,COUNT,1.0
1759824103425,COUNT,1.0
1759824108417,COUNT,1.0
1759824113424,COUNT,1.0
1759824118426,COUNT,1.0
1759824182548,COUNT,1.0
1759824187546,COUNT,1.0
1759824192541,COUNT,1.0
1759824197545,COUNT,1.0
1759824202547,COUNT,1.0
1759824207544,COUNT,1.0
1759824212545,COUNT,1.0
1759824217544,COUNT,1.0
1759824222548,COUNT,1.0
1759824227542,COUNT,1.0
1759824232537,COUNT,1.0
1759824237542,COUNT,1.0
1759824242542,COUNT,1.0
1759824247546,COUNT,1.0
1759824252542,COUNT,1.0
1759824369945,COUNT,1.0
1759824374955,COUNT,1.0
1759824379943,COUNT,1.0
1759824384942,COUNT,1.0
1759824389940,COUNT,1.0
1759824394942,COUNT,1.0
1759824399940,COUNT,1.0
1759824404954,COUNT,1.0
1759824409942,COUNT,1.0
1759824414939,COUNT,1.0
1759824419941,COUNT,1.0
1759824424943,COUNT,1.0
1759824429939,COUNT,1.0
1759824434937,COUNT,1.0
1759824439939,COUNT,1.0
1759824444941,COUNT,1.0
1759824449937,COUNT,1.0
1759824454937,COUNT,1.0
1759824459942,COUNT,1.0
1759824464943,COUNT,1.0
1759824469935,COUNT,1.0
1759824474940,COUNT,1.0
1759824479937,COUNT,1.0
1759824484938,COUNT,1.0
1759824489937,COUNT,1.0
1759824494938,COUNT,1.0
1759824499938,COUNT,1.0
1759824504939,COUNT,1.0
1759824509935,COUNT,1.0
1759824514938,COUNT,1.0
1759824519938,COUNT,1.0
1759824524938,COUNT,1.0
1759824529938,COUNT,1.0
1759824534938,COUNT,1.0
1759824539935,COUNT,1.0
1759824544936,COUNT,1.0
1759824549937,COUNT,1.0
1759824554937,COUNT,1.0
1759824559936,COUNT,1.0
1759824564936,COUNT,1.0
1759824569936,COUNT,1.0
1759824574936,COUNT,1.0
1759824579934,COUNT,1.0
1759824584937,COUNT,1.0
1759824589935,COUNT,1.0
1759824594933,COUNT,1.0
1759824599933,COUNT,1.0
1759824604934,COUNT,1.0
1759824609934,COUNT,1.0
1759824614934,COUNT,1.0
1759824619933,COUNT,1.0
1759824624932,COUNT,1.0
1759824629932,COUNT,1.0
1759824634934,COUNT,1.0
1759824639932,COUNT,1.0
1759824644934,COUNT,1.0
1759824649934,COUNT,1.0
1759824654930,COUNT,1.0
1759824659930,COUNT,1.0
1759824664933,COUNT,1.0
1759824669934,COUNT,1.0
1759824674933,COUNT,1.0
1759824679933,COUNT,1.0
1759824684933,COUNT,1.0
1759824689929,COUNT,1.0
1759824694931,COUNT,1.0
1759824699928,COUNT,1.0
1759824704932,COUNT,1.0
1759824709932,COUNT,1.0
1759824714932,COUNT,1.0
1759824719929,COUNT,1.0
1759824724931,COUNT,1.0
1759824729929,COUNT,1.0
1759824734931,COUNT,1.0
1759824739773,COUNT,1.0
1759824744766,COUNT,1.0
1759824749765,COUNT,1.0
1759824754761,COUNT,1.0
1759824759757,COUNT,1.0
1759824764761,COUNT,1.0
1759824769759,COUNT,1.0
1759824774756,COUNT,1.0
1759824779755,COUNT,1.0
1759824784757,COUNT,1.0
1759824789757,COUNT,1.0
1759824794752,COUNT,1.0
1759824799744,COUNT,1.0
1759824804742,COUNT,1.0
1759824809735,COUNT,1.0
1759824814734,COUNT,1.0
1759824819729,COUNT,1.0
1759825699310,COUNT,1.0
1759825704305,COUNT,1.0
1759825709305,COUNT,1.0
1759825714301,COUNT,1.0
1759825719303,COUNT,1.0
1759825724297,COUNT,1.0
1759825754229,COUNT,1.0
1759825759236,COUNT,1.0
1759825764232,COUNT,1.0
1759825769236,COUNT,1.0
1759825774238,COUNT,1.0
1759825779229,COUNT,1.0
1759825784231,COUNT,1.0
1759825789235,COUNT,1.0
1759825794237,COUNT,1.0
1759825799234,COUNT,1.0
1759826474251,COUNT,1.0
1759826479246,COUNT,1.0
1759826484251,COUNT,1.0
1759826489248,COUNT,1.0
1759826494249,COUNT,1.0
1759826499245,COUNT,1.0
1759826504249,COUNT,1.0
1759826509240,COUNT,1.0
1759826514248,COUNT,1.0
1759826519248,COUNT,1.0
1759826524241,COUNT,1.0
1759826529244,COUNT,1.0
1759826534242,COUNT,1.0
1759826539239,COUNT,1.0
1759826544242,COUNT,1.0
1759827003029,COUNT,1.0
1759827008030,COUNT,1.0
1759827013030,COUNT,1.0
1759827018028,COUNT,1.0
1759827023033,COUNT,1.0
1759827028034,COUNT,1.0
1759827033036,COUNT,1.0
1759827038036,COUNT,1.0
1759827043037,COUNT,1.0
1759827048027,COUNT,1.0
1759827053030,COUNT,1.0
1759827058036,COUNT,1.0
1759827063034,COUNT,1.0
1759827068034,COUNT,1.0
1759827073033,COUNT,1.0
1759828003651,COUNT,1.0
1759828008650,COUNT,1.0
1759828013654,COUNT,1.0
1759828018650,COUNT,1.0
1759828023650,COUNT,1.0
1759828028650,COUNT,1.0
1759828033648,COUNT,1.0
1759828038651,COUNT,1.0
1759828043651,COUNT,1.0
1759828048647,COUNT,1.0
1759828053646,COUNT,1.0
1759828058648,COUNT,1.0
1759828063652,COUNT,1.0
1759828068647,COUNT,1.0
1759828959600,COUNT,1.0
1759828964534,COUNT,1.0
1759828969531,COUNT,1.0
1759828974530,COUNT,1.0
1759828979533,COUNT,1.0
1759828984527,COUNT,1.0
1759828989523,COUNT,1.0
1759829019469,COUNT,1.0
1759829024517,COUNT,1.0
1759829029477,COUNT,1.0
1759829034475,COUNT,1.0
1759829039476,COUNT,1.0
1759829044467,COUNT,1.0
1759829049476,COUNT,1.0
1759829054473,COUNT,1.0
1759829059472,COUNT,1.0
1759829064476,COUNT,1.0
1759829069473,COUNT,1.0
1759829074473,COUNT,1.0
1759829079465,COUNT,1.0
1759829084471,COUNT,1.0
1759830015110,COUNT,1.0
1759830020112,COUNT,1.0
1759830025110,COUNT,1.0
1759830030107,COUNT,1.0
1759830035106,COUNT,1.0
1759830040098,COUNT,1.0
1759830045102,COUNT,1.0
1759830050097,COUNT,1.0
1759830055097,COUNT,1.0
1759830060100,COUNT,1.0
1759830990136,COUNT,1.0
1759830995133,COUNT,1.0
1759831000130,COUNT,1.0
1759831005126,COUNT,1.0
1759831010126,COUNT,1.0
1759831015125,COUNT,1.0
1759831020121,COUNT,1.0
1759831025122,COUNT,1.0
1759831030119,COUNT,1.0
1759831035115,COUNT,1.0
1759831040119,COUNT,1.0
1759831045122,COUNT,1.0
1759831050117,COUNT,1.0
1759831055115,COUNT,1.0
1759831960769,COUNT,1.0
1759831965778,COUNT,1.0
1759831970772,COUNT,1.0
1759831975781,COUNT,1.0
1759831980781,COUNT,1.0
1759831985785,COUNT,1.0
1759832015697,COUNT,1.0
1759832020697,COUNT,1.0
1759832025689,COUNT,1.0
1759832030697,COUNT,1.0
1759832035698,COUNT,1.0
1759832040690,COUNT,1.0
1759832045698,COUNT,1.0
1759832050698,COUNT,1.0
1759832055691,COUNT,1.0
1759832060690,COUNT,1.0
1759832065697,COUNT,1.0
1759832070693,COUNT,1.0
1759832075697,COUNT,1.0
1759832080689,COUNT,1.0
1759832085694,COUNT,1.0
1759832968713,COUNT,1.0
1759832973713,COUNT,1.0
1759832978704,COUNT,1.0
1759832983708,COUNT,1.0
1759832988705,COUNT,1.0
1759832993702,COUNT,1.0
1759833023494,COUNT,1.0
1759833028490,COUNT,1.0
1759833033492,COUNT,1.0
1759833038492,COUNT,1.0
1759833043488,COUNT,1.0
1759833048490,COUNT,1.0
1759833053488,COUNT,1.0
1759833058486,COUNT,1.0
1759833063480,COUNT,1.0
1759833068479,COUNT,1.0
1759833073486,COUNT,1.0
1759833078485,COUNT,1.0
1759833083484,COUNT,1.0
1759833088480,COUNT,1.0
1759833093485,COUNT,1.0
1759834023499,COUNT,1.0
1759834028494,COUNT,1.0
1759834033498,COUNT,1.0
1759834038488,COUNT,1.0
1759834043487,COUNT,1.0
1759834048494,COUNT,1.0
1759834053487,COUNT,1.0
1759834058495,COUNT,1.0
1759834063486,COUNT,1.0
1759834994333,COUNT,1.0
1759834999502,COUNT,1.0
1759835004502,COUNT,1.0
1759835009498,COUNT,1.0
1759835014502,COUNT,1.0
1759835019495,COUNT,1.0
1759835024494,COUNT,1.0
1759835029499,COUNT,1.0
1759835034500,COUNT,1.0
1759835039493,COUNT,1.0
1759835653503,COUNT,1.0
1759835658498,COUNT,1.0
1759835663497,COUNT,1.0
1759835668496,COUNT,1.0
1759835673501,COUNT,1.0
1759835678501,COUNT,1.0
1759835683501,COUNT,1.0
1759835688502,COUNT,1.0
1759835693503,COUNT,1.0
1759835799528,COUNT,1.0
1759835804530,COUNT,1.0
1759835809524,COUNT,1.0
1759835814530,COUNT,1.0
1759835819527,COUNT,1.0
1759835824527,COUNT,1.0
1759835829527,COUNT,1.0
1759835834527,COUNT,1.0
1759835839527,COUNT,1.0
1759835844523,COUNT,1.0
1759835849531,COUNT,1.0
1759835854525,COUNT,1.0
1759835859531,COUNT,1.0
1759835864527,COUNT,1.0
1759835869531,COUNT,1.0
1759836761967,COUNT,1.0
1759836766957,COUNT,1.0
1759836771947,COUNT,1.0
1759836776943,COUNT,1.0
1759836781934,COUNT,1.0
1759836786931,COUNT,1.0
1759836816852,COUNT,1.0
1759836821851,COUNT,1.0
1759836826848,COUNT,1.0
1759836831851,COUNT,1.0
1759836836851,COUNT,1.0
1759836841850,COUNT,1.0
1759836846841,COUNT,1.0
1759836851850,COUNT,1.0
1759836856847,COUNT,1.0
1759836861845,COUNT,1.0
1759836866842,COUNT,1.0
1759836871846,COUNT,1.0
1759836876848,COUNT,1.0
1759836881846,COUNT,1.0
1759836886845,COUNT,1.0
1759837107666,COUNT,1.0
1759837112658,COUNT,1.0
1759837117660,COUNT,1.0
1759837122660,COUNT,1.0
1759837127662,COUNT,1.0
1759837132664,COUNT,1.0
1759837137665,COUNT,1.0
1759837142663,COUNT,1.0
1759837147662,COUNT,1.0
1759837152663,COUNT,1.0
1759837157662,COUNT,1.0
1759837162663,COUNT,1.0
1759837167661,COUNT,1.0
1759837172663,COUNT,1.0
1759837316034,COUNT,1.0
1759837320972,COUNT,1.0
1759837325966,COUNT,1.0
1759837330961,COUNT,1.0
1759837335962,COUNT,1.0
1759837340967,COUNT,1.0
1759837345967,COUNT,1.0
1759837350965,COUNT,1.0
1759837355969,COUNT,1.0
1759837360966,COUNT,1.0
1759837365964,COUNT,1.0
1759837370969,COUNT,1.0
1759837375967,COUNT,1.0
1759837438913,COUNT,1.0
1759837443917,COUNT,1.0
1759837448916,COUNT,1.0
1759837453914,COUNT,1.0
1759837458916,COUNT,1.0
1759837463912,COUNT,1.0
1759837468915,COUNT,1.0
1759837473912,COUNT,1.0
1759837478916,COUNT,1.0
1759837483915,COUNT,1.0
1759837594600,COUNT,1.0
1759837599591,COUNT,1.0
1759837604598,COUNT,1.0
1759837609593,COUNT,1.0
1759837614597,COUNT,1.0
1759837619596,COUNT,1.0
1759837624599,COUNT,1.0
1759837629599,COUNT,1.0
1759837634595,COUNT,1.0
1759837735758,COUNT,1.0
1759837740762,COUNT,1.0
1759837745606,COUNT,1.0
1759837750603,COUNT,1.0
1759837755604,COUNT,1.0
1759837760601,COUNT,1.0
1759837765606,COUNT,1.0
1759837770603,COUNT,1.0
1759837775602,COUNT,1.0
1759837780601,COUNT,1.0
1759838091085,COUNT,1.0
1759838096087,COUNT,1.0
1759838101090,COUNT,1.0
1759838106093,COUNT,1.0
1759838111092,COUNT,1.0
1759838116092,COUNT,1.0
1759838121089,COUNT,1.0
1759838126088,COUNT,1.0
1759838131083,COUNT,1.0
1759838136084,COUNT,1.0
1759838141091,COUNT,1.0
1759838146082,COUNT,1.0
1759838151082,COUNT,1.0
1759838156083,COUNT,1.0
1759838161089,COUNT,1.0
1759838186087,COUNT,1.0
1759838191088,COUNT,1.0
1759838196079,COUNT,1.0
1759838201086,COUNT,1.0
1759838206088,COUNT,1.0
1759838211086,COUNT,1.0
1759838216090,COUNT,1.0
1759838221080,COUNT,1.0
1759838226082,COUNT,1.0
1759838231082,COUNT,1.0
1759838236079,COUNT,1.0
1759838241079,COUNT,1.0
1759838246078,COUNT,1.0
1759838251083,COUNT,1.0
1759838256082,COUNT,1.0
1759838261086,COUNT,1.0
1759838266082,COUNT,1.0
1759838271076,COUNT,1.0
1759838276078,COUNT,1.0
1759838281083,COUNT,1.0
1759838286084,COUNT,1.0
1759838291075,COUNT,1.0
1759838296079,COUNT,1.0
1759838301079,COUNT,1.0
1759838306079,COUNT,1.0
1759838344062,COUNT,1.0
1759838349067,COUNT,1.0
1759838354066,COUNT,1.0
1759838359065,COUNT,1.0
1759838364062,COUNT,1.0
1759838369063,COUNT,1.0
1759838374063,COUNT,1.0
1759838379066,COUNT,1.0
1759838384064,COUNT,1.0
1759838389064,COUNT,1.0
1759838394070,COUNT,1.0
1759838399058,COUNT,1.0
1759838404058,COUNT,1.0
1759838409057,COUNT,1.0
1759838414057,COUNT,1.0
1759838419057,COUNT,1.0
1759838424054,COUNT,1.0
1759838429056,COUNT,1.0
1759838434056,COUNT,1.0
1759838439055,COUNT,1.0
1759838444052,COUNT,1.0
1759838449051,COUNT,1.0
1759838454055,COUNT,1.0
1759838459054,COUNT,1.0
1759838464050,COUNT,1.0
1759838469054,COUNT,1.0
1759838474053,COUNT,1.0
1759838479052,COUNT,1.0
1759838484053,COUNT,1.0
1759838489052,COUNT,1.0
1759838494052,COUNT,1.0
1759838499052,COUNT,1.0
1759838504051,COUNT,1.0
1759838509049,COUNT,1.0
1759838514051,COUNT,1.0
1759838519049,COUNT,1.0
1759838524051,COUNT,1.0
1759838529049,COUNT,1.0
1759838534050,COUNT,1.0
1759838539050,COUNT,1.0
1759838544050,COUNT,1.0
1759838549051,COUNT,1.0
1759838554049,COUNT,1.0
1759838559045,COUNT,1.0
1759838564047,COUNT,1.0
1759838569049,COUNT,1.0
1759838574044,COUNT,1.0
1759838579048,COUNT,1.0
1759838584047,COUNT,1.0
1759838589048,COUNT,1.0
1759838594047,COUNT,1.0
1759838599042,COUNT,1.0
1759838604047,COUNT,1.0
1759838609044,COUNT,1.0
1759838614045,COUNT,1.0
1759838619043,COUNT,1.0
1759838624042,COUNT,1.0
1759838629045,COUNT,1.0
1759838634042,COUNT,1.0
1759838639039,COUNT,1.0
1759838644041,COUNT,1.0
1759838649047,COUNT,1.0
1759838654040,COUNT,1.0
1759838659041,COUNT,1.0
1759838664042,COUNT,1.0
1759838669040,COUNT,1.0
1759838674042,COUNT,1.0
1759838679042,COUNT,1.0
1759838684039,COUNT,1.0
1759838689045,COUNT,1.0
1759838694042,COUNT,1.0
1759838699038,COUNT,1.0
1759838704063,COUNT,1.0
1759838709039,COUNT,1.0
1759838714036,COUNT,1.0
1759838719047,COUNT,1.0
1759838724039,COUNT,1.0
1759838729035,COUNT,1.0
1759838734038,COUNT,1.0
1759838739037,COUNT,1.0
1759838744037,COUNT,1.0
1759838749032,COUNT,1.0
1759838754037,COUNT,1.0
1759838759040,COUNT,1.0
1759838764045,COUNT,1.0
1759838769049,COUNT,1.0
1759838774054,COUNT,1.0
1759838779058,COUNT,1.0
1759838784056,COUNT,1.0
1759838789059,COUNT,1.0
1759838794061,COUNT,1.0
1759838799063,COUNT,1.0
1759838804061,COUNT,1.0
1759838809061,COUNT,1.0
1759838814062,COUNT,1.0
1759838819063,COUNT,1.0
1759838824060,COUNT,1.0
1759838829059,COUNT,1.0
1759838834063,COUNT,1.0
1759838839063,COUNT,1.0
1759838844063,COUNT,1.0
1759838849060,COUNT,1.0
1759838854062,COUNT,1.0
1759838859058,COUNT,1.0
1759838864059,COUNT,1.0
1759838869057,COUNT,1.0
1759838874062,COUNT,1.0
1759838879056,COUNT,1.0
1759838884061,COUNT,1.0
1759838889061,COUNT,1.0
1759838894060,COUNT,1.0
1759838899060,COUNT,1.0
1759838904056,COUNT,1.0
1759838909057,COUNT,1.0
1759838914059,COUNT,1.0
1759838919061,COUNT,1.0
1759838924056,COUNT,1.0
1759838929059,COUNT,1.0
1759838934057,COUNT,1.0
1759838939060,COUNT,1.0
1759838944055,COUNT,1.0
1759838949055,COUNT,1.0
1759838954057,COUNT,1.0
1759838959056,COUNT,1.0
1759838964057,COUNT,1.0
1759838969056,COUNT,1.0
1759838974055,COUNT,1.0
1759838979055,COUNT,1.0
1759838984056,COUNT,1.0
1759838989054,COUNT,1.0
1759838994056,COUNT,1.0
1759838999058,COUNT,1.0
1759839004052,COUNT,1.0
1759839009052,COUNT,1.0
1759839014053,COUNT,1.0
1759839019053,COUNT,1.0
1759839024055,COUNT,1.0
1759839029050,COUNT,1.0
1759839034052,COUNT,1.0
1759839039052,COUNT,1.0
1759839044051,COUNT,1.0
1759839049053,COUNT,1.0
1759839054051,COUNT,1.0
1759839059053,COUNT,1.0
1759839064052,COUNT,1.0
1759839069051,COUNT,1.0
1759839074050,COUNT,1.0
1759839079051,COUNT,1.0
1759839084052,COUNT,1.0
1759839089049,COUNT,1.0
1759839094050,COUNT,1.0
1759839099051,COUNT,1.0
1759839104049,COUNT,1.0
1759839109054,COUNT,1.0
1759839114050,COUNT,1.0
1759839119051,COUNT,1.0
1759839124047,COUNT,1.0
1759839129056,COUNT,1.0
1759839134049,COUNT,1.0
1759839139046,COUNT,1.0
1759839144045,COUNT,1.0
1759839149050,COUNT,1.0
1759839154048,COUNT,1.0
1759839159049,COUNT,1.0
1759839164045,COUNT,1.0
1759839169045,COUNT,1.0
1759839174044,COUNT,1.0
1759839179046,COUNT,1.0
1759839184047,COUNT,1.0
1759839189046,COUNT,1.0
1759839194045,COUNT,1.0
1759839199044,COUNT,1.0
1759839204047,COUNT,1.0
1759839209047,COUNT,1.0
1759839214045,COUNT,1.0
1759839219041,COUNT,1.0
1759839224040,COUNT,1.0
1759839229045,COUNT,1.0
1759839234044,COUNT,1.0
1759839239040,COUNT,1.0
1759839244041,COUNT,1.0
1759839249043,COUNT,1.0
1759839254043,COUNT,1.0
1759839259039,COUNT,1.0
1759839264044,COUNT,1.0
1759839269043,COUNT,1.0
1759839274043,COUNT,1.0
1759839279042,COUNT,1.0
1759839284041,COUNT,1.0
1759839289043,COUNT,1.0
1759839294038,COUNT,1.0
1759839299042,COUNT,1.0
1759839304042,COUNT,1.0
1759839309039,COUNT,1.0
1759839314041,COUNT,1.0
1759839319041,COUNT,1.0
1759839324036,COUNT,1.0
1759839329040,COUNT,1.0
1759839334039,COUNT,1.0
1759839339037,COUNT,1.0
1759839344035,COUNT,1.0
1759839349039,COUNT,1.0
1759839354035,COUNT,1.0
1759839359036,COUNT,1.0
1759839364039,COUNT,1.0
1759839369038,COUNT,1.0
1759839374037,COUNT,1.0
1759839379035,COUNT,1.0
1759839384035,COUNT,1.0
1759839389039,COUNT,1.0
1759839394036,COUNT,1.0
1759839399036,COUNT,1.0
1759839404033,COUNT,1.0
1759839409036,COUNT,1.0
1759839414036,COUNT,1.0
1759839419035,COUNT,1.0
1759839424037,COUNT,1.0
1759839429036,COUNT,1.0
1759839434037,COUNT,1.0
1759839439037,COUNT,1.0
1759839444035,COUNT,1.0
1759839449036,COUNT,1.0
1759839454034,COUNT,1.0
1759839459031,COUNT,1.0
1759839464034,COUNT,1.0
1759839469031,COUNT,1.0
1759839474033,COUNT,1.0
1759839479029,COUNT,1.0
1759839484034,COUNT,1.0
1759839489029,COUNT,1.0
1759839494034,COUNT,1.0
1759839499035,COUNT,1.0
1759839504027,COUNT,1.0
1759839509031,COUNT,1.0
1759839514027,COUNT,1.0
1759839519032,COUNT,1.0
1759839524031,COUNT,1.0
1759839529029,COUNT,1.0
1759839534027,COUNT,1.0
1759839539027,COUNT,1.0
1759839544028,COUNT,1.0
1759839549031,COUNT,1.0
1759839554030,COUNT,1.0
1759839559030,COUNT,1.0
1759839564027,COUNT,1.0
1759839569029,COUNT,1.0
1759839574029,COUNT,1.0
1759839579029,COUNT,1.0
1759839584028,COUNT,1.0
1759839589024,COUNT,1.0
1759839594027,COUNT,1.0
1759839599026,COUNT,1.0
1759839604027,COUNT,1.0
1759839609027,COUNT,1.0
1759839614025,COUNT,1.0
1759839619026,COUNT,1.0
1759839624026,COUNT,1.0
1759839629027,COUNT,1.0
1759839634025,COUNT,1.0
1759839639023,COUNT,1.0
1759839644024,COUNT,1.0
1759839649023,COUNT,1.0
1759839654025,COUNT,1.0
1759839659025,COUNT,1.0
1759839664022,COUNT,1.0
1759839669024,COUNT,1.0
1759839674021,COUNT,1.0
1759839679020,COUNT,1.0
1759839684024,COUNT,1.0
1759839689023,COUNT,1.0
1759839694022,COUNT,1.0
1759839699020,COUNT,1.0
1759839704026,COUNT,1.0
1759839709025,COUNT,1.0
1759839714023,COUNT,1.0
1759839718969,COUNT,1.0
1759839723965,COUNT,1.0
1759839728965,COUNT,1.0
1759839733963,COUNT,1.0
1759839738962,COUNT,1.0
1759839743966,COUNT,1.0
1759839748965,COUNT,1.0
1759839753965,COUNT,1.0
1759839758965,COUNT,1.0
1759839763961,COUNT,1.0
1759839768964,COUNT,1.0
1759839773962,COUNT,1.0
1759839778961,COUNT,1.0
1759839783960,COUNT,1.0
1759839788964,COUNT,1.0
1759839793960,COUNT,1.0
1759839798959,COUNT,1.0
1759839803962,COUNT,1.0
1759839808959,COUNT,1.0
1759839813958,COUNT,1.0
1759839818956,COUNT,1.0
1759839823960,COUNT,1.0
1759839828956,COUNT,1.0
1759839833961,COUNT,1.0
1759839838959,COUNT,1.0
1759839843960,COUNT,1.0
1759839848957,COUNT,1.0
1759839853955,COUNT,1.0
1759839858954,COUNT,1.0
1759839863956,COUNT,1.0
1759839868958,COUNT,1.0
1759839873956,COUNT,1.0
1759839878953,COUNT,1.0
1759839883958,COUNT,1.0
1759839888957,COUNT,1.0
1759839893956,COUNT,1.0
1759839898952,COUNT,1.0
1759839903955,COUNT,1.0
1759839908955,COUNT,1.0
1759839913953,COUNT,1.0
1759839918953,COUNT,1.0
1759839923955,COUNT,1.0
1759839928954,COUNT,1.0
1759839933951,COUNT,1.0
1759839938952,COUNT,1.0
1759839943951,COUNT,1.0
1759839948951,COUNT,1.0
1759839953953,COUNT,1.0
1759839958949,COUNT,1.0
1759839963950,COUNT,1.0
1759839968947,COUNT,1.0
1759839973949,COUNT,1.0
1759839978953,COUNT,1.0
1759839983951,COUNT,1.0
1759839988947,COUNT,1.0
1759839993951,COUNT,1.0
1759839998950,COUNT,1.0
1759840003949,COUNT,1.0
1759840008949,COUNT,1.0
1759840013949,COUNT,1.0
1759840018948,COUNT,1.0
1759840023948,COUNT,1.0
1759840028944,COUNT,1.0
1759840033945,COUNT,1.0
1759840038948,COUNT,1.0
1759840043946,COUNT,1.0
1759840048947,COUNT,1.0
1759840053942,COUNT,1.0
1759840058946,COUNT,1.0
1759840063942,COUNT,1.0
1759840068949,COUNT,1.0
1759840073943,COUNT,1.0
1759840078942,COUNT,1.0
1759840083945,COUNT,1.0
1759840088943,COUNT,1.0
1759840093941,COUNT,1.0
1759840098947,COUNT,1.0
1759840103940,COUNT,1.0
1759840108943,COUNT,1.0
1759840113941,COUNT,1.0
1759840118939,COUNT,1.0
1759840123941,COUNT,1.0
1759840128940,COUNT,1.0
1759840133939,COUNT,1.0
1759840138942,COUNT,1.0
1759840143942,COUNT,1.0
1759840148940,COUNT,1.0
1759840153939,COUNT,1.0
1759840158937,COUNT,1.0
1759840163940,COUNT,1.0
1759840168936,COUNT,1.0
1759840173937,COUNT,1.0
1759840178937,COUNT,1.0
1759840183939,COUNT,1.0
1759840188939,COUNT,1.0
1759840193937,COUNT,1.0
1759840198939,COUNT,1.0
1759840203936,COUNT,1.0
1759840208937,COUNT,1.0
1759840213935,COUNT,1.0
1759840218939,COUNT,1.0
1759840223932,COUNT,1.0
1759840228936,COUNT,1.0
1759840233936,COUNT,1.0
1759840238933,COUNT,1.0
1759840243936,COUNT,1.0
1759840248935,COUNT,1.0
1759840253933,COUNT,1.0
1759840258932,COUNT,1.0
1759840263934,COUNT,1.0
1759840268930,COUNT,1.0
1759840273931,COUNT,1.0
1759840278934,COUNT,1.0
1759840283931,COUNT,1.0
1759840288931,COUNT,1.0
1759840293934,COUNT,1.0
1759840298928,COUNT,1.0
1759840303928,COUNT,1.0
1759840308929,COUNT,1.0
1759840313929,COUNT,1.0
1759840318931,COUNT,1.0
1759840323944,COUNT,1.0
1759840328930,COUNT,1.0
1759840333930,COUNT,1.0
1759840338929,COUNT,1.0
1759840343929,COUNT,1.0
1759840348929,COUNT,1.0
1759840353925,COUNT,1.0
1759840358926,COUNT,1.0
1759840363928,COUNT,1.0
1759840368930,COUNT,1.0
1759840373927,COUNT,1.0
1759840378942,COUNT,1.0
1759840383927,COUNT,1.0
1759840388922,COUNT,1.0
1759840393922,COUNT,1.0
1759840398922,COUNT,1.0
1759840403923,COUNT,1.0
1759840408926,COUNT,1.0
1759840413921,COUNT,1.0
1759840418927,COUNT,1.0
1759840423921,COUNT,1.0
1759840428925,COUNT,1.0
1759840433922,COUNT,1.0
1759840438924,COUNT,1.0
1759840443921,COUNT,1.0
1759840448918,COUNT,1.0
1759840453919,COUNT,1.0
1759840458922,COUNT,1.0
1759840463921,COUNT,1.0
1759840468920,COUNT,1.0
1759840473922,COUNT,1.0
1759840478919,COUNT,1.0
1759840483919,COUNT,1.0
1759840488918,COUNT,1.0
1759840493919,COUNT,1.0
1759840498922,COUNT,1.0
1759840503925,COUNT,1.0
1759840508921,COUNT,1.0
1759840513918,COUNT,1.0
1759840518916,COUNT,1.0
1759840523917,COUNT,1.0
1759840528915,COUNT,1.0
1759840533918,COUNT,1.0
1759840538916,COUNT,1.0
1759840543916,COUNT,1.0
1759840548913,COUNT,1.0
1759840553917,COUNT,1.0
1759840558913,COUNT,1.0
1759840563914,COUNT,1.0
1759840568916,COUNT,1.0
1759840573915,COUNT,1.0
1759840578915,COUNT,1.0
1759840583912,COUNT,1.0
1759840588915,COUNT,1.0
1759840593914,COUNT,1.0
1759840598914,COUNT,1.0
1759840603909,COUNT,1.0
1759840608912,COUNT,1.0
1759840613909,COUNT,1.0
1759840618913,COUNT,1.0
1759840623909,COUNT,1.0
1759840628912,COUNT,1.0
1759840633907,COUNT,1.0
1759840638909,COUNT,1.0
1759840643912,COUNT,1.0
1759840648911,COUNT,1.0
1759840653911,COUNT,1.0
1759840658908,COUNT,1.0
1759840663909,COUNT,1.0
1759840668909,COUNT,1.0
1759840673909,COUNT,1.0
1759840678788,COUNT,1.0
1759840683790,COUNT,1.0
1759840688790,COUNT,1.0
1759840693790,COUNT,1.0
1759840698785,COUNT,1.0
1759840703786,COUNT,1.0
1759840708792,COUNT,1.0
1759840713789,COUNT,1.0
1759840718787,COUNT,1.0
1759840723786,COUNT,1.0
1759840728785,COUNT,1.0
1759840733787,COUNT,1.0
1759840738787,COUNT,1.0
1759840743788,COUNT,1.0
1759840748785,COUNT,1.0
1759840753787,COUNT,1.0
1759840758782,COUNT,1.0
1759840763783,COUNT,1.0
1759840768786,COUNT,1.0
1759840773783,COUNT,1.0
1759840778783,COUNT,1.0
1759840783781,COUNT,1.0
1759840788781,COUNT,1.0
1759840793784,COUNT,1.0
1759840798784,COUNT,1.0
1759840803781,COUNT,1.0
1759840808780,COUNT,1.0
1759840813782,COUNT,1.0
1759840818781,COUNT,1.0
1759840823782,COUNT,1.0
1759840828781,COUNT,1.0
1759840833782,COUNT,1.0
1759840838777,COUNT,1.0
1759840843778,COUNT,1.0
1759840848781,COUNT,1.0
1759840853781,COUNT,1.0
1759840858781,COUNT,1.0
1759840863786,COUNT,1.0
1759840868778,COUNT,1.0
1759840873780,COUNT,1.0
1759840878778,COUNT,1.0
1759840883779,COUNT,1.0
1759840888783,COUNT,1.0
1759840893775,COUNT,1.0
1759840898780,COUNT,1.0
1759840903777,COUNT,1.0
1759840908776,COUNT,1.0
1759840913776,COUNT,1.0
1759840918775,COUNT,1.0
1759840923773,COUNT,1.0
1759840928774,COUNT,1.0
1759840933773,COUNT,1.0
1759840938773,COUNT,1.0
1759840943775,COUNT,1.0
1759840948774,COUNT,1.0
1759840953771,COUNT,1.0
1759840958772,COUNT,1.0
1759840963775,COUNT,1.0
1759840968773,COUNT,1.0
1759840973775,COUNT,1.0
1759840978781,COUNT,1.0
1759840983771,COUNT,1.0
1759840988772,COUNT,1.0
1759840993768,COUNT,1.0
1759840998772,COUNT,1.0
1759841003772,COUNT,1.0
1759841008772,COUNT,1.0
1759841013770,COUNT,1.0
1759841018771,COUNT,1.0
1759841023769,COUNT,1.0
1759841028766,COUNT,1.0
1759841033770,COUNT,1.0
1759841038773,COUNT,1.0
1759841043767,COUNT,1.0
1759841048764,COUNT,1.0
1759841053768,COUNT,1.0
1759841058765,COUNT,1.0
1759841063768,COUNT,1.0
1759841068765,COUNT,1.0
1759841073768,COUNT,1.0
1759841078767,COUNT,1.0
1759841083765,COUNT,1.0
1759841088768,COUNT,1.0
1759841093763,COUNT,1.0
1759841098766,COUNT,1.0
1759841103766,COUNT,1.0
1759841108761,COUNT,1.0
1759841113766,COUNT,1.0
1759841118766,COUNT,1.0
1759841123761,COUNT,1.0
1759841128765,COUNT,1.0
1759841133762,COUNT,1.0
1759841138765,COUNT,1.0
1759841143762,COUNT,1.0
1759841148761,COUNT,1.0
1759841153761,COUNT,1.0
1759841158766,COUNT,1.0
1759841163758,COUNT,1.0
1759841168762,COUNT,1.0
1759841173760,COUNT,1.0
1759841178757,COUNT,1.0
1759841183761,COUNT,1.0
1759841188760,COUNT,1.0
1759841193761,COUNT,1.0
1759841198763,COUNT,1.0
1759841203759,COUNT,1.0
1759841208764,COUNT,1.0
1759841213759,COUNT,1.0
1759841218759,COUNT,1.0
1759841223754,COUNT,1.0
1759841228759,COUNT,1.0
1759841233755,COUNT,1.0
1759841238760,COUNT,1.0
1759841243753,COUNT,1.0
1759841248755,COUNT,1.0
1759841253755,COUNT,1.0
1759841258754,COUNT,1.0
1759841263754,COUNT,1.0
1759841268756,COUNT,1.0
1759841273756,COUNT,1.0
1759841278754,COUNT,1.0
1759841283754,COUNT,1.0
1759841288755,COUNT,1.0
1759841293754,COUNT,1.0
1759841298750,COUNT,1.0
1759841303754,COUNT,1.0
1759841308752,COUNT,1.0
1759841313752,COUNT,1.0
1759841318750,COUNT,1.0
1759841323749,COUNT,1.0
1759841328752,COUNT,1.0
1759841333752,COUNT,1.0
1759841338749,COUNT,1.0
1759841343751,COUNT,1.0
1759841348750,COUNT,1.0
1759841353750,COUNT,1.0
1759841358747,COUNT,1.0
1759841363749,COUNT,1.0
1759841368749,COUNT,1.0
1759841373747,COUNT,1.0
1759841378747,COUNT,1.0
1759841383749,COUNT,1.0
1759841388750,COUNT,1.0
1759841393748,COUNT,1.0
1759841398749,COUNT,1.0
1759841403744,COUNT,1.0
1759841408749,COUNT,1.0
1759841413743,COUNT,1.0
1759841418746,COUNT,1.0
1759841423743,COUNT,1.0
1759841428747,COUNT,1.0
1759841433744,COUNT,1.0
1759841438751,COUNT,1.0
1759841443750,COUNT,1.0
1759841448744,COUNT,1.0
1759841453741,COUNT,1.0
1759841458744,COUNT,1.0
1759841463741,COUNT,1.0
1759841468741,COUNT,1.0
1759841473741,COUNT,1.0
1759841478741,COUNT,1.0
1759841483743,COUNT,1.0
1759841488743,COUNT,1.0
1759841493742,COUNT,1.0
1759841498744,COUNT,1.0
1759841503741,COUNT,1.0
1759841508741,COUNT,1.0
1759841513738,COUNT,1.0
1759841518741,COUNT,1.0
1759841523762,COUNT,1.0
1759841528747,COUNT,1.0
1759841533735,COUNT,1.0
1759841538739,COUNT,1.0
1759841543736,COUNT,1.0
1759841548741,COUNT,1.0
1759841553740,COUNT,1.0
1759841558739,COUNT,1.0
1759841563741,COUNT,1.0
1759841568745,COUNT,1.0
1759841573738,COUNT,1.0
1759841578733,COUNT,1.0
1759841583737,COUNT,1.0
1759841588734,COUNT,1.0
1759841593736,COUNT,1.0
1759841598736,COUNT,1.0
1759841603733,COUNT,1.0
1759841608733,COUNT,1.0
1759841613734,COUNT,1.0
1759841618733,COUNT,1.0
1759841623734,COUNT,1.0
1759841628734,COUNT,1.0
1759841633732,COUNT,1.0
1759841638730,COUNT,1.0
1759841643733,COUNT,1.0
1759841648733,COUNT,1.0
1759841653731,COUNT,1.0
1759841658730,COUNT,1.0
1759841663732,COUNT,1.0
1759841668731,COUNT,1.0
1759841673732,COUNT,1.0
1759841678729,COUNT,1.0
1759841683730,COUNT,1.0
1759841688733,COUNT,1.0
1759841693728,COUNT,1.0
1759841698729,COUNT,1.0
1759841703729,COUNT,1.0
1759841708730,COUNT,1.0
1759841713726,COUNT,1.0
1759841718726,COUNT,1.0
1759841723728,COUNT,1.0
1759841728730,COUNT,1.0
1759841733728,COUNT,1.0
1759841738725,COUNT,1.0
1759841743728,COUNT,1.0
1759841748727,COUNT,1.0
1759841753727,COUNT,1.0
1759841758725,COUNT,1.0
1759841763723,COUNT,1.0
1759841768726,COUNT,1.0
1759841773723,COUNT,1.0
1759841778725,COUNT,1.0
1759841783725,COUNT,1.0
1759841788720,COUNT,1.0
1759841793724,COUNT,1.0
1759841798753,COUNT,1.0
1759841803724,COUNT,1.0
1759841808721,COUNT,1.0
1759841813725,COUNT,1.0
1759841818721,COUNT,1.0
1759841823723,COUNT,1.0
1759841828722,COUNT,1.0
1759841833725,COUNT,1.0
1759841838736,COUNT,1.0
1759841843722,COUNT,1.0
1759841848719,COUNT,1.0
1759841853717,COUNT,1.0
1759841858720,COUNT,1.0
1759841863719,COUNT,1.0
1759841868723,COUNT,1.0
1759841873716,COUNT,1.0
1759841878715,COUNT,1.0
1759841883715,COUNT,1.0
1759841888714,COUNT,1.0
1759841893714,COUNT,1.0
1759841898720,COUNT,1.0
1759841903717,COUNT,1.0
1759841908717,COUNT,1.0
1759841913717,COUNT,1.0
1759841918713,COUNT,1.0
1759841923716,COUNT,1.0
1759841928716,COUNT,1.0
1759841933716,COUNT,1.0
1759841938716,COUNT,1.0
1759841943713,COUNT,1.0
1759841948714,COUNT,1.0
1759841953714,COUNT,1.0
1759841958711,COUNT,1.0
1759841963709,COUNT,1.0
1759841968714,COUNT,1.0
1759841973714,COUNT,1.0
1759841978713,COUNT,1.0
1759841983709,COUNT,1.0
1759841988711,COUNT,1.0
1759841993713,COUNT,1.0
1759841998708,COUNT,1.0
1759842003709,COUNT,1.0
1759842008710,COUNT,1.0
1759842013709,COUNT,1.0
1759842018710,COUNT,1.0
1759842023711,COUNT,1.0
1759842028710,COUNT,1.0
1759842033706,COUNT,1.0
1759842038710,COUNT,1.0
1759842043709,COUNT,1.0
1759842048711,COUNT,1.0
1759842053709,COUNT,1.0
1759842058709,COUNT,1.0
1759842063705,COUNT,1.0
1759842068706,COUNT,1.0
1759842073707,COUNT,1.0
1759842078707,COUNT,1.0
1759842083707,COUNT,1.0
1759842088708,COUNT,1.0
1759842093702,COUNT,1.0
1759842098706,COUNT,1.0
1759842103703,COUNT,1.0
1759842108703,COUNT,1.0
1759842113702,COUNT,1.0
1759842118705,COUNT,1.0
1759842123701,COUNT,1.0
1759842128701,COUNT,1.0
1759842133701,COUNT,1.0
1759842138702,COUNT,1.0
1759842143702,COUNT,1.0
1759842148701,COUNT,1.0
1759842153700,COUNT,1.0
1759842158699,COUNT,1.0
1759842163701,COUNT,1.0
1759842168700,COUNT,1.0
1759842173699,COUNT,1.0
1759842178702,COUNT,1.0
1759842183700,COUNT,1.0
1759842188699,COUNT,1.0
1759842193699,COUNT,1.0
1759842198700,COUNT,1.0
1759842203699,COUNT,1.0
1759842208699,COUNT,1.0
1759842213699,COUNT,1.0
1759842218698,COUNT,1.0
1759842223694,COUNT,1.0
1759842228694,COUNT,1.0
1759842233697,COUNT,1.0
1759842238698,COUNT,1.0
1759842243698,COUNT,1.0
1759842248692,COUNT,1.0
1759842253693,COUNT,1.0
1759842258695,COUNT,1.0
1759842263696,COUNT,1.0
1759842268691,COUNT,1.0
1759842273695,COUNT,1.0
1759842278692,COUNT,1.0
1759842283695,COUNT,1.0
1759842288692,COUNT,1.0
1759842293691,COUNT,1.0
1759842298690,COUNT,1.0
1759842303689,COUNT,1.0
1759842308690,COUNT,1.0
1759842313691,COUNT,1.0
1759842318691,COUNT,1.0
1759842323691,COUNT,1.0
1759842328689,COUNT,1.0
1759842333700,COUNT,1.0
1759842338693,COUNT,1.0
1759842343695,COUNT,1.0
1759842348692,COUNT,1.0
1759842353691,COUNT,1.0
1759842358687,COUNT,1.0
1759842363689,COUNT,1.0
1759842368692,COUNT,1.0
1759842373689,COUNT,1.0
1759842378687,COUNT,1.0
1759842383690,COUNT,1.0
1759842388685,COUNT,1.0
1759842393684,COUNT,1.0
1759842398684,COUNT,1.0
1759842403687,COUNT,1.0
1759842408687,COUNT,1.0
1759842413687,COUNT,1.0
1759842418683,COUNT,1.0
1759842423687,COUNT,1.0
1759842428683,COUNT,1.0
1759842433683,COUNT,1.0
1759842438682,COUNT,1.0
1759842443685,COUNT,1.0
1759842448680,COUNT,1.0
1759842453685,COUNT,1.0
1759842458685,COUNT,1.0
1759842463682,COUNT,1.0
1759842468683,COUNT,1.0
1759842473684,COUNT,1.0
1759842478682,COUNT,1.0
1759842483680,COUNT,1.0
1759842488682,COUNT,1.0
1759842493680,COUNT,1.0
1759842498680,COUNT,1.0
1759842503679,COUNT,1.0
1759842508678,COUNT,1.0
1759842513677,COUNT,1.0
1759842518686,COUNT,1.0
1759842523707,COUNT,1.0
1759842528681,COUNT,1.0
1759842533678,COUNT,1.0
1759842538680,COUNT,1.0
1759842543676,COUNT,1.0
1759842548679,COUNT,1.0
1759842553679,COUNT,1.0
1759842558675,COUNT,1.0
1759842563677,COUNT,1.0
1759842568676,COUNT,1.0
1759842573678,COUNT,1.0
1759842578677,COUNT,1.0
1759842583675,COUNT,1.0
1759842588675,COUNT,1.0
1759842593676,COUNT,1.0
1759842598934,COUNT,1.0
1759842603931,COUNT,1.0
1759842608928,COUNT,1.0
1759842613927,COUNT,1.0
1759842618924,COUNT,1.0
1759842623920,COUNT,1.0
1759842628923,COUNT,1.0
1759842633922,COUNT,1.0
1759842638923,COUNT,1.0
1759842643921,COUNT,1.0
1759842648943,COUNT,1.0
1759842653923,COUNT,1.0
1759842658925,COUNT,1.0
1759842663920,COUNT,1.0
1759842668922,COUNT,1.0
1759842673921,COUNT,1.0
1759842678923,COUNT,1.0
1759842683921,COUNT,1.0
1759842688923,COUNT,1.0
1759842693921,COUNT,1.0
1759842698920,COUNT,1.0
1759842703921,COUNT,1.0
1759842708924,COUNT,1.0
1759842713921,COUNT,1.0
1759842718923,COUNT,1.0
1759842723920,COUNT,1.0
1759842728922,COUNT,1.0
1759842733923,COUNT,1.0
1759842738920,COUNT,1.0
1759842743924,COUNT,1.0
1759842748924,COUNT,1.0
1759842753924,COUNT,1.0
1759842758920,COUNT,1.0
1759842763925,COUNT,1.0
1759842768923,COUNT,1.0
1759842773923,COUNT,1.0
1759842778923,COUNT,1.0
1759842783923,COUNT,1.0
1759842788924,COUNT,1.0
1759842793923,COUNT,1.0
1759842798924,COUNT,1.0
1759842803923,COUNT,1.0
1759842808929,COUNT,1.0
1759842813924,COUNT,1.0
1759842818925,COUNT,1.0
1759842823925,COUNT,1.0
1759842828926,COUNT,1.0
1759842833924,COUNT,1.0
1759842838944,COUNT,1.0
1759843579392,COUNT,1.0
1759843584402,COUNT,1.0
1759843589402,COUNT,1.0
1759843594415,COUNT,1.0
1759843599417,COUNT,1.0
1759843604420,COUNT,1.0
1759843609420,COUNT,1.0
1759843614422,COUNT,1.0
1759843619422,COUNT,1.0
1759843710511,COUNT,1.0
1759843715483,COUNT,1.0
1759843720482,COUNT,1.0
1759843725476,COUNT,1.0
1759843730482,COUNT,1.0
1759843735477,COUNT,1.0
1759843740482,COUNT,1.0
1759843745475,COUNT,1.0
1759843750482,COUNT,1.0
1759843755476,COUNT,1.0
1759844028939,COUNT,1.0
1759844033840,COUNT,1.0
1759844038829,COUNT,1.0
1759844043819,COUNT,1.0
1759844048828,COUNT,1.0
1759844053828,COUNT,1.0
1759844058826,COUNT,1.0
1759844063833,COUNT,1.0
1759844068828,COUNT,1.0
1759844073828,COUNT,1.0
1759844078827,COUNT,1.0
1759844083824,COUNT,1.0
1759844088826,COUNT,1.0
1759844093820,COUNT,1.0
1759844439072,COUNT,1.0
1759844444117,COUNT,1.0
1759844449074,COUNT,1.0
1759844454072,COUNT,1.0
1759844459074,COUNT,1.0
1759844464063,COUNT,1.0
1759844469072,COUNT,1.0
1759844474066,COUNT,1.0
1759844479070,COUNT,1.0
1759844484071,COUNT,1.0
1759844489070,COUNT,1.0
1759844494070,COUNT,1.0
1759844499066,COUNT,1.0
1759844504107,COUNT,1.0
1759844509082,COUNT,1.0
1759844514068,COUNT,1.0
1759844519068,COUNT,1.0
1759844524065,COUNT,1.0
1759844529069,COUNT,1.0
1759844534063,COUNT,1.0
1759844539065,COUNT,1.0
1759844544067,COUNT,1.0
1759844549067,COUNT,1.0
1759844554067,COUNT,1.0
1759844559068,COUNT,1.0
1759844564063,COUNT,1.0
1759844569068,COUNT,1.0
1759844574063,COUNT,1.0
1759844579068,COUNT,1.0
1759844584062,COUNT,1.0
1759844589064,COUNT,1.0
1759844594067,COUNT,1.0
1759844599068,COUNT,1.0
1759844604067,COUNT,1.0
1759844609064,COUNT,1.0
1759844614074,COUNT,1.0
1759844619110,COUNT,1.0
1759844624078,COUNT,1.0
1759844629064,COUNT,1.0
1759844634067,COUNT,1.0
1759844639076,COUNT,1.0
1759844644066,COUNT,1.0
1759844649067,COUNT,1.0
1759844654066,COUNT,1.0
1759844659067,COUNT,1.0
1759844664063,COUNT,1.0
1759844669064,COUNT,1.0
1759844674067,COUNT,1.0
1759844679067,COUNT,1.0
1759844684064,COUNT,1.0
1759844689064,COUNT,1.0
1759844694066,COUNT,1.0
1759844699068,COUNT,1.0
1759844704064,COUNT,1.0
1759844709067,COUNT,1.0
1759844714067,COUNT,1.0
1759844719069,COUNT,1.0
1759844724067,COUNT,1.0
1759844729068,COUNT,1.0
1759844734065,COUNT,1.0
1759844739074,COUNT,1.0
1759844744067,COUNT,1.0
1759844749067,COUNT,1.0
1759844754081,COUNT,1.0
1759844759068,COUNT,1.0
1759844764061,COUNT,1.0
1759844769067,COUNT,1.0
1759844774066,COUNT,1.0
1759844779067,COUNT,1.0
1759844784066,COUNT,1.0
1759844789066,COUNT,1.0
1759844794066,COUNT,1.0
1759844799066,COUNT,1.0
1759844804064,COUNT,1.0
1759844809068,COUNT,1.0
1759844814066,COUNT,1.0
1759844819065,COUNT,1.0
1759844824066,COUNT,1.0
1759844829069,COUNT,1.0
1759844834066,COUNT,1.0
1759844839064,COUNT,1.0
1759844844063,COUNT,1.0
1759844849071,COUNT,1.0
1759844854063,COUNT,1.0
1759844859067,COUNT,1.0
1759844864065,COUNT,1.0
1759844869062,COUNT,1.0
1759844874064,COUNT,1.0
1759844879063,COUNT,1.0
1759844884062,COUNT,1.0
1759844889062,COUNT,1.0
1759844894063,COUNT,1.0
1759844899062,COUNT,1.0
1759844904063,COUNT,1.0
1759844909065,COUNT,1.0
1759844914066,COUNT,1.0
1759844919062,COUNT,1.0
1759844924063,COUNT,1.0
1759844929066,COUNT,1.0
1759844934065,COUNT,1.0
1759844939066,COUNT,1.0
1759844944064,COUNT,1.0
1759844949065,COUNT,1.0
1759844954062,COUNT,1.0
1759844959067,COUNT,1.0
1759844964063,COUNT,1.0
1759844969065,COUNT,1.0
1759844974063,COUNT,1.0
1759844979066,COUNT,1.0
1759844984064,COUNT,1.0
1759844989067,COUNT,1.0
1759844993970,COUNT,1.0
1759844998972,COUNT,1.0
1759845003972,COUNT,1.0
1759845008968,COUNT,1.0
1759845013971,COUNT,1.0
1759845018971,COUNT,1.0
1759845023970,COUNT,1.0
1759845028968,COUNT,1.0
1759845033971,COUNT,1.0
1759845038971,COUNT,1.0
1759845043969,COUNT,1.0
1759845048967,COUNT,1.0
1759845054074,COUNT,1.0
1759845058971,COUNT,1.0
1759845063967,COUNT,1.0
1759845068971,COUNT,1.0
1759845073970,COUNT,1.0
1759845078970,COUNT,1.0
1759845083969,COUNT,1.0
1759845088967,COUNT,1.0
1759845093965,COUNT,1.0
1759845098967,COUNT,1.0
1759845103966,COUNT,1.0
1759845108964,COUNT,1.0
1759845113969,COUNT,1.0
1759845118969,COUNT,1.0
1759845123968,COUNT,1.0
1759845128968,COUNT,1.0
1759845133967,COUNT,1.0
1759845138969,COUNT,1.0
1759845143968,COUNT,1.0
1759845148968,COUNT,1.0
1759845153968,COUNT,1.0
1759845158967,COUNT,1.0
1759845163967,COUNT,1.0
1759845168967,COUNT,1.0
1759845173968,COUNT,1.0
1759845178973,COUNT,1.0
1759845183967,COUNT,1.0
1759845188967,COUNT,1.0
1759845193973,COUNT,1.0
1759845198968,COUNT,1.0
1759845203969,COUNT,1.0
1759845208966,COUNT,1.0
1759845213962,COUNT,1.0
1759845218963,COUNT,1.0
1759845223966,COUNT,1.0
1759845228965,COUNT,1.0
1759845233965,COUNT,1.0
1759845238961,COUNT,1.0
1759845243965,COUNT,1.0
1759845248966,COUNT,1.0
1759845253962,COUNT,1.0
1759845258966,COUNT,1.0
1759845263962,COUNT,1.0
1759845268965,COUNT,1.0
1759845273961,COUNT,1.0
1759845278964,COUNT,1.0
1759845283964,COUNT,1.0
1759845288961,COUNT,1.0
1759845293961,COUNT,1.0
1759845298963,COUNT,1.0
1759845303964,COUNT,1.0
1759845308959,COUNT,1.0
1759845313960,COUNT,1.0
1759845318962,COUNT,1.0
1759845323960,COUNT,1.0
1759845328963,COUNT,1.0
1759845333960,COUNT,1.0
1759845338958,COUNT,1.0
1759845343963,COUNT,1.0
1759845348961,COUNT,1.0
1759845353961,COUNT,1.0
1759845358959,COUNT,1.0
1759845363961,COUNT,1.0
1759845368960,COUNT,1.0
1759845373959,COUNT,1.0
1759845378959,COUNT,1.0
1759845383959,COUNT,1.0
1759845388963,COUNT,1.0
1759845393960,COUNT,1.0
1759845398962,COUNT,1.0
1759845403960,COUNT,1.0
1759845408957,COUNT,1.0
1759845413960,COUNT,1.0
1759845418960,COUNT,1.0
1759845423958,COUNT,1.0
1759845428958,COUNT,1.0
1759845433961,COUNT,1.0
1759845438956,COUNT,1.0
1759845443959,COUNT,1.0
1759845448961,COUNT,1.0
1759845453955,COUNT,1.0
1759845458958,COUNT,1.0
1759845463958,COUNT,1.0
1759845468958,COUNT,1.0
1759845473958,COUNT,1.0
1759845478956,COUNT,1.0
1759845483957,COUNT,1.0
1759845488955,COUNT,1.0
1759845493955,COUNT,1.0
1759845498955,COUNT,1.0
1759845503957,COUNT,1.0
1759845508958,COUNT,1.0
1759845513968,COUNT,1.0
1759845518958,COUNT,1.0
1759845523958,COUNT,1.0
1759845528959,COUNT,1.0
1759845533952,COUNT,1.0
1759845538955,COUNT,1.0
1759845543955,COUNT,1.0
1759845548953,COUNT,1.0
1759845553957,COUNT,1.0
1759845558956,COUNT,1.0
1759845563956,COUNT,1.0
1759845568956,COUNT,1.0
1759845573951,COUNT,1.0
1759845578955,COUNT,1.0
1759845583955,COUNT,1.0
1759845588954,COUNT,1.0
1759845593955,COUNT,1.0
1759845598952,COUNT,1.0
1759845603953,COUNT,1.0
1759845608954,COUNT,1.0
1759845613954,COUNT,1.0
1759845618955,COUNT,1.0
1759845623954,COUNT,1.0
1759845628953,COUNT,1.0
1759845633952,COUNT,1.0
1759845638952,COUNT,1.0
1759845643954,COUNT,1.0
1759845648953,COUNT,1.0
1759845653953,COUNT,1.0
1759845658953,COUNT,1.0
1759845663951,COUNT,1.0
1759845668953,COUNT,1.0
1759845673950,COUNT,1.0
1759845679417,COUNT,1.0
1759845683967,COUNT,1.0
1759845688955,COUNT,1.0
1759845693950,COUNT,1.0
1759845698953,COUNT,1.0
1759845703950,COUNT,1.0
1759845708951,COUNT,1.0
1759845713947,COUNT,1.0
1759845718953,COUNT,1.0
1759845723947,COUNT,1.0
1759845728950,COUNT,1.0
1759845733949,COUNT,1.0
1759845738950,COUNT,1.0
1759845743952,COUNT,1.0
1759845748950,COUNT,1.0
1759845753947,COUNT,1.0
1759845758950,COUNT,1.0
1759845763950,COUNT,1.0
1759845768951,COUNT,1.0
1759845773950,COUNT,1.0
1759845778946,COUNT,1.0
1759845783946,COUNT,1.0
1759845788949,COUNT,1.0
1759845793950,COUNT,1.0
1759845798949,COUNT,1.0
1759845803947,COUNT,1.0
1759845808945,COUNT,1.0
1759845813945,COUNT,1.0
1759845818949,COUNT,1.0
1759845823949,COUNT,1.0
1759845828947,COUNT,1.0
1759845833946,COUNT,1.0
1759845838943,COUNT,1.0
1759845843946,COUNT,1.0
1759845848945,COUNT,1.0
1759845853947,COUNT,1.0
1759845858946,COUNT,1.0
1759845863945,COUNT,1.0
1759845868947,COUNT,1.0
1759845873945,COUNT,1.0
1759845878943,COUNT,1.0
1759845883943,COUNT,1.0
1759845888945,COUNT,1.0
1759845893946,COUNT,1.0
1759845898944,COUNT,1.0
1759845903946,COUNT,1.0
1759845908946,COUNT,1.0
1759845913942,COUNT,1.0
1759845918945,COUNT,1.0
1759845923946,COUNT,1.0
1759845928945,COUNT,1.0
1759845933943,COUNT,1.0
1759845938941,COUNT,1.0
1759845943943,COUNT,1.0
1759845948943,COUNT,1.0
1759845953939,COUNT,1.0
1759845958932,COUNT,1.0
1759845963928,COUNT,1.0
1759845968927,COUNT,1.0
1759845973920,COUNT,1.0
1759845978922,COUNT,1.0
1759845983921,COUNT,1.0
1759845988916,COUNT,1.0
1759845993915,COUNT,1.0
1759845998913,COUNT,1.0
1759846003914,COUNT,1.0
1759846008917,COUNT,1.0
1759846013914,COUNT,1.0
1759846018914,COUNT,1.0
1759846023915,COUNT,1.0
1759846028911,COUNT,1.0
1759846033912,COUNT,1.0
1759846038912,COUNT,1.0
1759846043911,COUNT,1.0
1759846048911,COUNT,1.0
1759846053915,COUNT,1.0
1759846058911,COUNT,1.0
1759846063914,COUNT,1.0
1759846068913,COUNT,1.0
1759846073910,COUNT,1.0
1759846078923,COUNT,1.0
1759846083912,COUNT,1.0
1759846088909,COUNT,1.0
1759846093909,COUNT,1.0
1759846098912,COUNT,1.0
1759846103913,COUNT,1.0
1759846108914,COUNT,1.0
1759846113910,COUNT,1.0
1759846118911,COUNT,1.0
1759846123910,COUNT,1.0
1759846128911,COUNT,1.0
1759846133909,COUNT,1.0
1759846138907,COUNT,1.0
1759846143906,COUNT,1.0
1759846148910,COUNT,1.0
1759846153911,COUNT,1.0
1759846158909,COUNT,1.0
1759846163910,COUNT,1.0
1759846168906,COUNT,1.0
1759846173909,COUNT,1.0
1759846178907,COUNT,1.0
1759846183909,COUNT,1.0
1759846188909,COUNT,1.0
1759846193904,COUNT,1.0
1759846198905,COUNT,1.0
1759846203911,COUNT,1.0
1759846208911,COUNT,1.0
1759846213906,COUNT,1.0
1759846218907,COUNT,1.0
1759846223908,COUNT,1.0
1759846228912,COUNT,1.0
1759846233906,COUNT,1.0
1759846238908,COUNT,1.0
1759846243907,COUNT,1.0
1759846248905,COUNT,1.0
1759846253907,COUNT,1.0
1759846258906,COUNT,1.0
1759846263907,COUNT,1.0
1759846268907,COUNT,1.0
1759846273902,COUNT,1.0
1759846278903,COUNT,1.0
1759846283902,COUNT,1.0
1759846288906,COUNT,1.0
1759846293906,COUNT,1.0
1759846298906,COUNT,1.0
1759846303902,COUNT,1.0
1759846308905,COUNT,1.0
1759846313904,COUNT,1.0
1759846318905,COUNT,1.0
1759846323901,COUNT,1.0
1759846328900,COUNT,1.0
1759846333903,COUNT,1.0
1759846338904,COUNT,1.0
1759846343905,COUNT,1.0
1759846348903,COUNT,1.0
1759846353903,COUNT,1.0
1759846358901,COUNT,1.0
1759846363902,COUNT,1.0
1759846368902,COUNT,1.0
1759846373902,COUNT,1.0
1759846378900,COUNT,1.0
1759846383900,COUNT,1.0
1759846388902,COUNT,1.0
1759846393907,COUNT,1.0
1759846398907,COUNT,1.0
1759846403903,COUNT,1.0
1759846408905,COUNT,1.0
1759846413904,COUNT,1.0
1759846418906,COUNT,1.0
1759846423906,COUNT,1.0
1759846428903,COUNT,1.0
1759846433906,COUNT,1.0
1759846438899,COUNT,1.0
1759846443897,COUNT,1.0
1759846448904,COUNT,1.0
1759846453903,COUNT,1.0
1759846458899,COUNT,1.0
1759846463901,COUNT,1.0
1759846468905,COUNT,1.0
1759846473903,COUNT,1.0
1759846478900,COUNT,1.0
1759846483896,COUNT,1.0
1759846488904,COUNT,1.0
1759846493902,COUNT,1.0
1759846498898,COUNT,1.0
1759846503896,COUNT,1.0
1759846508897,COUNT,1.0
1759846513896,COUNT,1.0
1759846518897,COUNT,1.0
1759846523898,COUNT,1.0
1759846528899,COUNT,1.0
1759846533900,COUNT,1.0
1759846538900,COUNT,1.0
1759846543896,COUNT,1.0
1759846548899,COUNT,1.0
1759846553899,COUNT,1.0
1759846558901,COUNT,1.0
1759846563901,COUNT,1.0
1759846568900,COUNT,1.0
1759846573897,COUNT,1.0
1759846578897,COUNT,1.0
1759846583892,COUNT,1.0
1759846588918,COUNT,1.0
1759846593895,COUNT,1.0
1759846598897,COUNT,1.0
1759846603894,COUNT,1.0
1759846608893,COUNT,1.0
1759846613909,COUNT,1.0
1759846618894,COUNT,1.0
1759846623893,COUNT,1.0
1759846628894,COUNT,1.0
1759846633892,COUNT,1.0
1759846638896,COUNT,1.0
1759846643894,COUNT,1.0
1759846648893,COUNT,1.0
1759846653891,COUNT,1.0
1759846658893,COUNT,1.0
1759846663892,COUNT,1.0
1759846668888,COUNT,1.0
1759846673888,COUNT,1.0
1759846678892,COUNT,1.0
1759846683890,COUNT,1.0
1759846688888,COUNT,1.0
1759846693892,COUNT,1.0
1759846698891,COUNT,1.0
1759846703893,COUNT,1.0
1759846708890,COUNT,1.0
1759846713892,COUNT,1.0
1759846718890,COUNT,1.0
1759846723891,COUNT,1.0
1759846728890,COUNT,1.0
1759846733890,COUNT,1.0
1759846738890,COUNT,1.0
1759846743887,COUNT,1.0
1759846748889,COUNT,1.0
1759846753889,COUNT,1.0
1759846758891,COUNT,1.0
1759846763888,COUNT,1.0
1759846768886,COUNT,1.0
1759846773887,COUNT,1.0
1759846778885,COUNT,1.0
1759846783887,COUNT,1.0
1759846788888,COUNT,1.0
1759846793888,COUNT,1.0
1759846798887,COUNT,1.0
1759846803887,COUNT,1.0
1759846808887,COUNT,1.0
1759846813887,COUNT,1.0
1759846818887,COUNT,1.0
1759846823885,COUNT,1.0
1759846828884,COUNT,1.0
1759846833887,COUNT,1.0
1759846838887,COUNT,1.0
1759846843884,COUNT,1.0
1759846848885,COUNT,1.0
1759846853885,COUNT,1.0
1759846858885,COUNT,1.0
1759846863883,COUNT,1.0
1759846868885,COUNT,1.0
1759846873885,COUNT,1.0
1759846878885,COUNT,1.0
1759846883880,COUNT,1.0
1759846888883,COUNT,1.0
1759846893883,COUNT,1.0
1759846898884,COUNT,1.0
1759846903884,COUNT,1.0
1759846908886,COUNT,1.0
1759846913882,COUNT,1.0
1759846918895,COUNT,1.0
1759846923901,COUNT,1.0
1759846928907,COUNT,1.0
1759846933909,COUNT,1.0
1759846938913,COUNT,1.0
1759846943913,COUNT,1.0
1759846948913,COUNT,1.0
1759846953915,COUNT,1.0
1759846958916,COUNT,1.0
1759846963917,COUNT,1.0
1759846968913,COUNT,1.0
1759846973913,COUNT,1.0
1759846978917,COUNT,1.0
1759846983916,COUNT,1.0
1759846988914,COUNT,1.0
1759846993913,COUNT,1.0
1759846998916,COUNT,1.0
1759847003914,COUNT,1.0
1759847008915,COUNT,1.0
1759847013916,COUNT,1.0
1759847018921,COUNT,1.0
1759847023917,COUNT,1.0
1759847028921,COUNT,1.0
1759847033918,COUNT,1.0
1759847038913,COUNT,1.0
1759847043918,COUNT,1.0
1759847048916,COUNT,1.0
1759847053916,COUNT,1.0
1759847058916,COUNT,1.0
1759847063918,COUNT,1.0
1759847068918,COUNT,1.0
1759847073916,COUNT,1.0
1759847078913,COUNT,1.0
1759847083914,COUNT,1.0
1759847088914,COUNT,1.0
1759847093914,COUNT,1.0
1759847098913,COUNT,1.0
1759847103914,COUNT,1.0
1759847108913,COUNT,1.0
1759847113913,COUNT,1.0
1759847118913,COUNT,1.0
1759847123913,COUNT,1.0
1759847128909,COUNT,1.0
1759847133913,COUNT,1.0
1759847138911,COUNT,1.0
1759847143912,COUNT,1.0
1759847148912,COUNT,1.0
1759847153911,COUNT,1.0
1759847158915,COUNT,1.0
1759847163910,COUNT,1.0
1759847168912,COUNT,1.0
1759847173912,COUNT,1.0
1759847178908,COUNT,1.0
1759847183911,COUNT,1.0
1759847188912,COUNT,1.0
1759847193909,COUNT,1.0
1759847198908,COUNT,1.0
1759847203911,COUNT,1.0
1759847208909,COUNT,1.0
1759847213907,COUNT,1.0
1759847218911,COUNT,1.0
1759847223909,COUNT,1.0
1759847228909,COUNT,1.0
1759847233909,COUNT,1.0
1759847238909,COUNT,1.0
1759847243922,COUNT,1.0
1759847248911,COUNT,1.0
1759847253910,COUNT,1.0
1759847258909,COUNT,1.0
1759847263909,COUNT,1.0
1759847268910,COUNT,1.0
1759847273909,COUNT,1.0
1759847278908,COUNT,1.0
1759847283908,COUNT,1.0
1759847288907,COUNT,1.0
1759847293912,COUNT,1.0
1759847298927,COUNT,1.0
1759847303909,COUNT,1.0
1759847308908,COUNT,1.0
1759847313908,COUNT,1.0
1759847318906,COUNT,1.0
1759847323908,COUNT,1.0
1759847328905,COUNT,1.0
1759847333906,COUNT,1.0
1759847338906,COUNT,1.0
1759847343906,COUNT,1.0
1759847348905,COUNT,1.0
1759847353906,COUNT,1.0
1759847358906,COUNT,1.0
1759847363907,COUNT,1.0
1759847368906,COUNT,1.0
1759847373906,COUNT,1.0
1759847378905,COUNT,1.0
1759847383903,COUNT,1.0
1759847388906,COUNT,1.0
1759847393905,COUNT,1.0
1759847398902,COUNT,1.0
1759847403905,COUNT,1.0
1759847408905,COUNT,1.0
1759847413906,COUNT,1.0
1759847418914,COUNT,1.0
1759847423906,COUNT,1.0
1759847428905,COUNT,1.0
1759847433904,COUNT,1.0
1759847438904,COUNT,1.0
1759847443905,COUNT,1.0
1759847448902,COUNT,1.0
1759847453905,COUNT,1.0
1759847458900,COUNT,1.0
1759847463904,COUNT,1.0
1759847468899,COUNT,1.0
1759847473905,COUNT,1.0
1759847478900,COUNT,1.0
1759847483904,COUNT,1.0
1759847488903,COUNT,1.0
1759847493903,COUNT,1.0
1759847498902,COUNT,1.0
1759847503900,COUNT,1.0
1759847508903,COUNT,1.0
1759847513899,COUNT,1.0
1759847518916,COUNT,1.0
1759847523903,COUNT,1.0
1759847528902,COUNT,1.0
1759847533903,COUNT,1.0
1759847538903,COUNT,1.0
1759847543902,COUNT,1.0
1759847548901,COUNT,1.0
1759847553901,COUNT,1.0
1759847558902,COUNT,1.0
1759847563900,COUNT,1.0
1759847568899,COUNT,1.0
1759847573901,COUNT,1.0
1759847578901,COUNT,1.0
1759847583900,COUNT,1.0
1759847588900,COUNT,1.0
1759847593901,COUNT,1.0
1759847598897,COUNT,1.0
1759847603899,COUNT,1.0
1759847608898,COUNT,1.0
1759847613900,COUNT,1.0
1759847618895,COUNT,1.0
1759847623900,COUNT,1.0
1759847628896,COUNT,1.0
1759847633894,COUNT,1.0
1759847638903,COUNT,1.0
1759847643895,COUNT,1.0
1759847648899,COUNT,1.0
1759847653898,COUNT,1.0
1759847658898,COUNT,1.0
1759847663894,COUNT,1.0
1759847668898,COUNT,1.0
1759847673897,COUNT,1.0
1759847678898,COUNT,1.0
1759847683897,COUNT,1.0
1759847688894,COUNT,1.0
1759847693896,COUNT,1.0
1759847698897,COUNT,1.0
1759847703896,COUNT,1.0
1759847708898,COUNT,1.0
1759847713894,COUNT,1.0
1759847718897,COUNT,1.0
1759847723898,COUNT,1.0
1759847728897,COUNT,1.0
1759847733898,COUNT,1.0
1759847738895,COUNT,1.0
1759847743895,COUNT,1.0
1759847748894,COUNT,1.0
1759847753897,COUNT,1.0
1759847758895,COUNT,1.0
1759847763893,COUNT,1.0
1759847768895,COUNT,1.0
1759847773895,COUNT,1.0
1759847778896,COUNT,1.0
1759847783891,COUNT,1.0
1759847788894,COUNT,1.0
1759847793895,COUNT,1.0
1759847798892,COUNT,1.0
1759847803894,COUNT,1.0
1759847808892,COUNT,1.0
1759847813895,COUNT,1.0
1759847818892,COUNT,1.0
1759847823892,COUNT,1.0
1759847828895,COUNT,1.0
1759847833892,COUNT,1.0
1759847838892,COUNT,1.0
1759847843892,COUNT,1.0
1759847848894,COUNT,1.0
1759847853893,COUNT,1.0
1759847858893,COUNT,1.0
1759847863893,COUNT,1.0
1759847868893,COUNT,1.0
1759847873888,COUNT,1.0
1759847878893,COUNT,1.0
1759847883893,COUNT,1.0
1759847888893,COUNT,1.0
1759847893893,COUNT,1.0
1759847898893,COUNT,1.0
1759847903890,COUNT,1.0
1759847908893,COUNT,1.0
1759847913892,COUNT,1.0
1759847918889,COUNT,1.0
1759847923893,COUNT,1.0
1759847928895,COUNT,1.0
1759847933893,COUNT,1.0
1759847938894,COUNT,1.0
1759847943889,COUNT,1.0
1759847948889,COUNT,1.0
1759847953892,COUNT,1.0
1759847958893,COUNT,1.0
1759847963892,COUNT,1.0
1759847968889,COUNT,1.0
1759847973891,COUNT,1.0
1759847978895,COUNT,1.0
1759847983891,COUNT,1.0
1759847988891,COUNT,1.0
1759847993887,COUNT,1.0
1759847998891,COUNT,1.0
1759848003890,COUNT,1.0
1759848008889,COUNT,1.0
1759848013886,COUNT,1.0
1759848018886,COUNT,1.0
1759848023889,COUNT,1.0
1759848028889,COUNT,1.0
1759848033889,COUNT,1.0
1759848038890,COUNT,1.0
1759848043891,COUNT,1.0
1759848048902,COUNT,1.0
1759848053890,COUNT,1.0
1759848058890,COUNT,1.0
1759848063888,COUNT,1.0
1759848068887,COUNT,1.0
1759848073888,COUNT,1.0
1759848078888,COUNT,1.0
1759848083885,COUNT,1.0
1759848088888,COUNT,1.0
1759848093888,COUNT,1.0
1759848098884,COUNT,1.0
1759848103888,COUNT,1.0
1759848108885,COUNT,1.0
1759848113886,COUNT,1.0
1759848118887,COUNT,1.0
1759848123887,COUNT,1.0
1759848128887,COUNT,1.0
1759848133887,COUNT,1.0
1759848138883,COUNT,1.0
1759848143884,COUNT,1.0
1759848148888,COUNT,1.0
1759848153886,COUNT,1.0
1759848158884,COUNT,1.0
1759848163886,COUNT,1.0
1759848168883,COUNT,1.0
1759848173887,COUNT,1.0
1759848178886,COUNT,1.0
1759848183885,COUNT,1.0
1759848188883,COUNT,1.0
1759848193885,COUNT,1.0
1759848198885,COUNT,1.0
1759848203886,COUNT,1.0
1759848208885,COUNT,1.0
1759848213885,COUNT,1.0
1759848218885,COUNT,1.0
1759848223883,COUNT,1.0
1759848228885,COUNT,1.0
1759848233885,COUNT,1.0
1759848238883,COUNT,1.0
1759848243884,COUNT,1.0
1759848248884,COUNT,1.0
1759848253879,COUNT,1.0
1759848258884,COUNT,1.0
1759848263884,COUNT,1.0
1759848268883,COUNT,1.0
1759848273882,COUNT,1.0
1759848278883,COUNT,1.0
1759848283883,COUNT,1.0
1759848288891,COUNT,1.0
1759848293884,COUNT,1.0
1759848298883,COUNT,1.0
1759848303880,COUNT,1.0
1759848308881,COUNT,1.0
1759848313881,COUNT,1.0
1759848318883,COUNT,1.0
1759848323882,COUNT,1.0
1759848328882,COUNT,1.0
1759848333881,COUNT,1.0
1759848338878,COUNT,1.0
1759848343877,COUNT,1.0
1759848348882,COUNT,1.0
1759848353882,COUNT,1.0
1759848358881,COUNT,1.0
1759848363881,COUNT,1.0
1759848368881,COUNT,1.0
1759848373881,COUNT,1.0
1759848378882,COUNT,1.0
1759848383881,COUNT,1.0
1759848388879,COUNT,1.0
1759848393880,COUNT,1.0
1759848398881,COUNT,1.0
1759848403880,COUNT,1.0
1759848408876,COUNT,1.0
1759848413877,COUNT,1.0
1759848418879,COUNT,1.0
1759848423877,COUNT,1.0
1759848428878,COUNT,1.0
1759848433875,COUNT,1.0
1759848438879,COUNT,1.0
1759848443878,COUNT,1.0
1759848448875,COUNT,1.0
1759848453878,COUNT,1.0
1759848458875,COUNT,1.0
1759848463875,COUNT,1.0
1759848468876,COUNT,1.0
1759848473877,COUNT,1.0
1759848478877,COUNT,1.0
1759848483877,COUNT,1.0
1759848488877,COUNT,1.0
1759848493878,COUNT,1.0
1759848498876,COUNT,1.0
1759848503873,COUNT,1.0
1759848508878,COUNT,1.0
1759848513875,COUNT,1.0
1759848518877,COUNT,1.0
1759848523887,COUNT,1.0
1759848528890,COUNT,1.0
1759848533877,COUNT,1.0
1759848538876,COUNT,1.0
1759848543875,COUNT,1.0
1759848548873,COUNT,1.0
1759848553875,COUNT,1.0
1759848558878,COUNT,1.0
1759848563873,COUNT,1.0
1759848568876,COUNT,1.0
1759848573874,COUNT,1.0
1759848578875,COUNT,1.0
1759848583875,COUNT,1.0
1759848588872,COUNT,1.0
1759848593874,COUNT,1.0
1759848598874,COUNT,1.0
1759848603874,COUNT,1.0
1759848608875,COUNT,1.0
1759848613874,COUNT,1.0
1759848618874,COUNT,1.0
1759848623874,COUNT,1.0
1759848628872,COUNT,1.0
1759848633873,COUNT,1.0
1759848638883,COUNT,1.0
1759848643874,COUNT,1.0
1759848648874,COUNT,1.0
1759848653871,COUNT,1.0
1759848658885,COUNT,1.0
1759848663874,COUNT,1.0
1759848668870,COUNT,1.0
1759848673873,COUNT,1.0
1759848678873,COUNT,1.0
1759848683870,COUNT,1.0
1759848688873,COUNT,1.0
1759848693874,COUNT,1.0
1759848698868,COUNT,1.0
1759848703868,COUNT,1.0
1759848708872,COUNT,1.0
1759848713871,COUNT,1.0
1759848718872,COUNT,1.0
1759848723869,COUNT,1.0
1759848728872,COUNT,1.0
1759848733871,COUNT,1.0
1759848738867,COUNT,1.0
1759848743868,COUNT,1.0
1759848748867,COUNT,1.0
1759848753866,COUNT,1.0
1759848758866,COUNT,1.0
1759848763868,COUNT,1.0
1759848768869,COUNT,1.0
1759848773866,COUNT,1.0
1759848778869,COUNT,1.0
1759848783867,COUNT,1.0
1759848788870,COUNT,1.0
1759848793869,COUNT,1.0
1759848798870,COUNT,1.0
1759848803866,COUNT,1.0
1759848808868,COUNT,1.0
1759848813867,COUNT,1.0
1759848818868,COUNT,1.0
1759848823867,COUNT,1.0
1759848828866,COUNT,1.0
1759848833866,COUNT,1.0
1759848838865,COUNT,1.0
1759848843863,COUNT,1.0
1759848848861,COUNT,1.0
1759848853860,COUNT,1.0
1759848858860,COUNT,1.0
1759848863858,COUNT,1.0
1759848868859,COUNT,1.0
1759848873857,COUNT,1.0
1759848878858,COUNT,1.0
1759848883855,COUNT,1.0
1759848888857,COUNT,1.0
1759848893855,COUNT,1.0
1759848898853,COUNT,1.0
1759848903857,COUNT,1.0
1759848908853,COUNT,1.0
1759848913853,COUNT,1.0
1759848918856,COUNT,1.0
1759848923852,COUNT,1.0
1759848928855,COUNT,1.0
1759848933853,COUNT,1.0
1759848938857,COUNT,1.0
1759848943857,COUNT,1.0
1759848948851,COUNT,1.0
1759848953854,COUNT,1.0
1759848958863,COUNT,1.0
1759848963858,COUNT,1.0
1759848968855,COUNT,1.0
1759848973852,COUNT,1.0
1759848978851,COUNT,1.0
1759848983855,COUNT,1.0
1759848988852,COUNT,1.0
1759848993854,COUNT,1.0
1759848998850,COUNT,1.0
1759849003853,COUNT,1.0
1759849008853,COUNT,1.0
1759849013854,COUNT,1.0
1759849018854,COUNT,1.0
1759849023849,COUNT,1.0
1759849028849,COUNT,1.0
1759849033848,COUNT,1.0
1759849038854,COUNT,1.0
1759849043850,COUNT,1.0
1759849048853,COUNT,1.0
1759849053854,COUNT,1.0
1759849058849,COUNT,1.0
1759849063852,COUNT,1.0
1759849068852,COUNT,1.0
1759849073848,COUNT,1.0
1759849078852,COUNT,1.0
1759849083848,COUNT,1.0
1759849088847,COUNT,1.0
1759849093851,COUNT,1.0
1759849098856,COUNT,1.0
1759849103848,COUNT,1.0
1759849108848,COUNT,1.0
1759849113847,COUNT,1.0
1759849118851,COUNT,1.0
1759849123850,COUNT,1.0
1759849128847,COUNT,1.0
1759849133847,COUNT,1.0
1759849138845,COUNT,1.0
1759849143851,COUNT,1.0
1759849148850,COUNT,1.0
1759849153845,COUNT,1.0
1759849158846,COUNT,1.0
1759849163848,COUNT,1.0
1759849168849,COUNT,1.0
1759849173845,COUNT,1.0
1759849178848,COUNT,1.0
1759849183848,COUNT,1.0
1759849188846,COUNT,1.0
1759849193848,COUNT,1.0
1759849198848,COUNT,1.0
1759849203848,COUNT,1.0
1759849208848,COUNT,1.0
1759849213844,COUNT,1.0
1759849218848,COUNT,1.0
1759849223847,COUNT,1.0
1759849228848,COUNT,1.0
1759849233846,COUNT,1.0
1759849238847,COUNT,1.0
1759849243845,COUNT,1.0
1759849248845,COUNT,1.0
1759849253843,COUNT,1.0
1759849258845,COUNT,1.0
1759849263846,COUNT,1.0
1759849268847,COUNT,1.0
1759849273842,COUNT,1.0
1759849278843,COUNT,1.0
1759849283846,COUNT,1.0
1759849288841,COUNT,1.0
1759849293846,COUNT,1.0
1759849298845,COUNT,1.0
1759849303840,COUNT,1.0
1759849308846,COUNT,1.0
1759849313844,COUNT,1.0
1759849318847,COUNT,1.0
1759849323840,COUNT,1.0
1759849328842,COUNT,1.0
1759849333844,COUNT,1.0
1759849338845,COUNT,1.0
1759849343841,COUNT,1.0
1759849348844,COUNT,1.0
1759849353844,COUNT,1.0
1759849358839,COUNT,1.0
1759849363839,COUNT,1.0
1759849368841,COUNT,1.0
1759849373842,COUNT,1.0
1759849378839,COUNT,1.0
1759849383844,COUNT,1.0
1759849388839,COUNT,1.0
1759849393838,COUNT,1.0
1759849398843,COUNT,1.0
1759849403840,COUNT,1.0
1759849408839,COUNT,1.0
1759849413842,COUNT,1.0
1759849418837,COUNT,1.0
1759849423839,COUNT,1.0
1759849428838,COUNT,1.0
1759849433841,COUNT,1.0
1759849438839,COUNT,1.0
1759849443841,COUNT,1.0
1759849448838,COUNT,1.0
1759849453842,COUNT,1.0
1759849458841,COUNT,1.0
1759849463839,COUNT,1.0
1759849468842,COUNT,1.0
1759849473840,COUNT,1.0
1759849478838,COUNT,1.0
1759849483840,COUNT,1.0
1759849488839,COUNT,1.0
1759849493840,COUNT,1.0
1759849498839,COUNT,1.0
1759849503838,COUNT,1.0
1759849508838,COUNT,1.0
1759849513848,COUNT,1.0
1759849518841,COUNT,1.0
1759849523836,COUNT,1.0
1759849528837,COUNT,1.0
1759849533839,COUNT,1.0
1759849538835,COUNT,1.0
1759849543837,COUNT,1.0
1759849548839,COUNT,1.0
1759849553835,COUNT,1.0
1759849558835,COUNT,1.0
1759849563838,COUNT,1.0
1759849568838,COUNT,1.0
1759849573839,COUNT,1.0
1759849578842,COUNT,1.0
1759849583832,COUNT,1.0
1759849588835,COUNT,1.0
1759849593837,COUNT,1.0
1759849598837,COUNT,1.0
1759849603883,COUNT,1.0
1759849608846,COUNT,1.0
1759849613837,COUNT,1.0
1759849618838,COUNT,1.0
1759849623834,COUNT,1.0
1759849628836,COUNT,1.0
1759849633836,COUNT,1.0
1759849638836,COUNT,1.0
1759849643836,COUNT,1.0
1759849648839,COUNT,1.0
1759849653836,COUNT,1.0
1759849658836,COUNT,1.0
1759849663833,COUNT,1.0
1759849668834,COUNT,1.0
1759849673837,COUNT,1.0
1759849678837,COUNT,1.0
1759849683834,COUNT,1.0
1759849688833,COUNT,1.0
1759849693830,COUNT,1.0
1759849698829,COUNT,1.0
1759849703832,COUNT,1.0
1759849708834,COUNT,1.0
1759849713831,COUNT,1.0
1759849718829,COUNT,1.0
1759849723833,COUNT,1.0
1759849728834,COUNT,1.0
1759849733828,COUNT,1.0
1759849738833,COUNT,1.0
1759849743833,COUNT,1.0
1759849748831,COUNT,1.0
1759849753830,COUNT,1.0
1759849758831,COUNT,1.0
1759849763828,COUNT,1.0
1759849768828,COUNT,1.0
1759849773832,COUNT,1.0
1759849778828,COUNT,1.0
1759849783833,COUNT,1.0
1759849788829,COUNT,1.0
1759849793827,COUNT,1.0
1759849798823,COUNT,1.0
1759849803825,COUNT,1.0
1759849808821,COUNT,1.0
1759849813824,COUNT,1.0
1759849818820,COUNT,1.0
1759849823821,COUNT,1.0
1759849828821,COUNT,1.0
1759849833818,COUNT,1.0
1759849838819,COUNT,1.0
1759849843820,COUNT,1.0
1759849848819,COUNT,1.0
1759849853815,COUNT,1.0
1759849858814,COUNT,1.0
1759849863816,COUNT,1.0
1759849868816,COUNT,1.0
1759849873814,COUNT,1.0
1759849878820,COUNT,1.0
1759849883815,COUNT,1.0
1759849888818,COUNT,1.0
1759849893815,COUNT,1.0
1759849898813,COUNT,1.0
1759849903817,COUNT,1.0
1759849908815,COUNT,1.0
1759849913815,COUNT,1.0
1759849918817,COUNT,1.0
1759849923812,COUNT,1.0
1759849928817,COUNT,1.0
1759849933817,COUNT,1.0
1759849938816,COUNT,1.0
1759849943816,COUNT,1.0
1759849948813,COUNT,1.0
1759849953815,COUNT,1.0
1759849958812,COUNT,1.0
1759849963816,COUNT,1.0
1759849968813,COUNT,1.0
1759849973810,COUNT,1.0
1759849978814,COUNT,1.0
1759849983815,COUNT,1.0
1759849988811,COUNT,1.0
1759849993813,COUNT,1.0
1759849998813,COUNT,1.0
1759850003814,COUNT,1.0
1759850008810,COUNT,1.0
1759850013814,COUNT,1.0
1759850018811,COUNT,1.0
1759850023810,COUNT,1.0
1759850028818,COUNT,1.0
1759850033809,COUNT,1.0
1759850038813,COUNT,1.0
1759850043814,COUNT,1.0
1759850048812,COUNT,1.0
1759850053813,COUNT,1.0
1759850058809,COUNT,1.0
1759850063812,COUNT,1.0
1759850068811,COUNT,1.0
1759850073810,COUNT,1.0
1759850078811,COUNT,1.0
1759850083808,COUNT,1.0
1759850088810,COUNT,1.0
1759850093809,COUNT,1.0
1759850098806,COUNT,1.0
1759850103809,COUNT,1.0
1759850108808,COUNT,1.0
1759850113808,COUNT,1.0
1759850118810,COUNT,1.0
1759850123806,COUNT,1.0
1759850128806,COUNT,1.0
1759850133810,COUNT,1.0
1759850138809,COUNT,1.0
1759850143808,COUNT,1.0
1759850148807,COUNT,1.0
1759850153806,COUNT,1.0
1759850158809,COUNT,1.0
1759850163807,COUNT,1.0
1759850168809,COUNT,1.0
1759850173808,COUNT,1.0
1759850178810,COUNT,1.0
1759850183807,COUNT,1.0
1759850188821,COUNT,1.0
1759850193809,COUNT,1.0
1759850198803,COUNT,1.0
1759850203808,COUNT,1.0
1759850208807,COUNT,1.0
1759850213804,COUNT,1.0
1759850218803,COUNT,1.0
1759850223808,COUNT,1.0
1759850228806,COUNT,1.0
1759850233806,COUNT,1.0
1759850238804,COUNT,1.0
1759850243806,COUNT,1.0
1759850248807,COUNT,1.0
1759850253802,COUNT,1.0
1759850258802,COUNT,1.0
1759850263802,COUNT,1.0
1759850268804,COUNT,1.0
1759850273806,COUNT,1.0
1759850278803,COUNT,1.0
1759850283803,COUNT,1.0
1759850288802,COUNT,1.0
1759850293803,COUNT,1.0
1759850298805,COUNT,1.0
1759850303801,COUNT,1.0
1759850308805,COUNT,1.0
1759850313803,COUNT,1.0
1759850318802,COUNT,1.0
1759850323801,COUNT,1.0
1759850328804,COUNT,1.0
1759850333801,COUNT,1.0
1759850338801,COUNT,1.0
1759850343803,COUNT,1.0
1759850348803,COUNT,1.0
1759850353801,COUNT,1.0
1759850358801,COUNT,1.0
1759850363802,COUNT,1.0
1759850368801,COUNT,1.0
1759850373802,COUNT,1.0
1759850378802,COUNT,1.0
1759850383798,COUNT,1.0
1759850388803,COUNT,1.0
1759850393802,COUNT,1.0
1759850398797,COUNT,1.0
1759850403798,COUNT,1.0
1759850408798,COUNT,1.0
1759850413802,COUNT,1.0
1759850418801,COUNT,1.0
1759850423798,COUNT,1.0
1759850428800,COUNT,1.0
1759850433799,COUNT,1.0
1759850438796,COUNT,1.0
1759850443796,COUNT,1.0
1759850448796,COUNT,1.0
1759850453799,COUNT,1.0
1759850458797,COUNT,1.0
1759850463797,COUNT,1.0
1759850468801,COUNT,1.0
1759850473810,COUNT,1.0
1759850478798,COUNT,1.0
1759850483799,COUNT,1.0
1759850488797,COUNT,1.0
1759850493794,COUNT,1.0
1759850498797,COUNT,1.0
1759850503801,COUNT,1.0
1759850508799,COUNT,1.0
1759850513799,COUNT,1.0
1759850518801,COUNT,1.0
1759850523798,COUNT,1.0
1759850528796,COUNT,1.0
1759850533796,COUNT,1.0
1759850538798,COUNT,1.0
1759850543795,COUNT,1.0
1759850548796,COUNT,1.0
1759850553796,COUNT,1.0
1759850558796,COUNT,1.0
1759850563797,COUNT,1.0
1759850568797,COUNT,1.0
1759850573791,COUNT,1.0
1759850578794,COUNT,1.0
1759850583793,COUNT,1.0
1759850588796,COUNT,1.0
1759850593796,COUNT,1.0
1759850598792,COUNT,1.0
1759850603792,COUNT,1.0
1759850608795,COUNT,1.0
1759850613795,COUNT,1.0
1759850618795,COUNT,1.0
1759850623792,COUNT,1.0
1759850628795,COUNT,1.0
1759850633791,COUNT,1.0
1759850638793,COUNT,1.0
1759850643792,COUNT,1.0
1759850648790,COUNT,1.0
1759850653791,COUNT,1.0
1759850658791,COUNT,1.0
1759850663791,COUNT,1.0
1759850668791,COUNT,1.0
1759850673793,COUNT,1.0
1759850678793,COUNT,1.0
1759850683793,COUNT,1.0
1759850688791,COUNT,1.0
1759850693793,COUNT,1.0
1759850698792,COUNT,1.0
1759850703792,COUNT,1.0
1759850708791,COUNT,1.0
1759850713791,COUNT,1.0
1759850718790,COUNT,1.0
1759850723788,COUNT,1.0
1759850728791,COUNT,1.0
1759850733791,COUNT,1.0
1759850738787,COUNT,1.0
1759850743791,COUNT,1.0
1759850748790,COUNT,1.0
1759850753790,COUNT,1.0
1759850758796,COUNT,1.0
1759850763790,COUNT,1.0
1759850768790,COUNT,1.0
1759850773786,COUNT,1.0
1759850778788,COUNT,1.0
1759850783787,COUNT,1.0
1759850788787,COUNT,1.0
1759850793789,COUNT,1.0
1759850798785,COUNT,1.0
1759850803787,COUNT,1.0
1759850808785,COUNT,1.0
1759850813784,COUNT,1.0
1759850818786,COUNT,1.0
1759850823787,COUNT,1.0
1759850828785,COUNT,1.0
1759850833785,COUNT,1.0
1759850838783,COUNT,1.0
1759850843787,COUNT,1.0
1759850848790,COUNT,1.0
1759850853786,COUNT,1.0
1759850858788,COUNT,1.0
1759850863787,COUNT,1.0
1759850868784,COUNT,1.0
1759850873784,COUNT,1.0
1759850878787,COUNT,1.0
1759850883784,COUNT,1.0
1759850888784,COUNT,1.0
1759850893786,COUNT,1.0
1759850898786,COUNT,1.0
1759850903785,COUNT,1.0
1759850908786,COUNT,1.0
1759850913785,COUNT,1.0
1759850918782,COUNT,1.0
1759850923786,COUNT,1.0
1759850928786,COUNT,1.0
1759850933785,COUNT,1.0
1759850938781,COUNT,1.0
1759850943775,COUNT,1.0
1759850948771,COUNT,1.0
1759850953768,COUNT,1.0
1759850958766,COUNT,1.0
1759850963770,COUNT,1.0
1759850968765,COUNT,1.0
1759850973764,COUNT,1.0
1759850978764,COUNT,1.0
1759850983766,COUNT,1.0
1759850988764,COUNT,1.0
1759850993765,COUNT,1.0
1759850998763,COUNT,1.0
1759851003766,COUNT,1.0
1759851008770,COUNT,1.0
1759851013766,COUNT,1.0
1759851018766,COUNT,1.0
1759851023765,COUNT,1.0
1759851028761,COUNT,1.0
1759851033761,COUNT,1.0
1759851038763,COUNT,1.0
1759851043764,COUNT,1.0
1759851048761,COUNT,1.0
1759851053765,COUNT,1.0
1759851058760,COUNT,1.0
1759851063761,COUNT,1.0
1759851068761,COUNT,1.0
1759851073764,COUNT,1.0
1759851078764,COUNT,1.0
1759851083760,COUNT,1.0
1759851088760,COUNT,1.0
1759851093761,COUNT,1.0
1759851098763,COUNT,1.0
1759851103762,COUNT,1.0
1759851108758,COUNT,1.0
1759851113762,COUNT,1.0
1759851118760,COUNT,1.0
1759851123763,COUNT,1.0
1759851128762,COUNT,1.0
1759851133758,COUNT,1.0
1759851138764,COUNT,1.0
1759851143762,COUNT,1.0
1759851148757,COUNT,1.0
1759851153762,COUNT,1.0
1759851158757,COUNT,1.0
1759851163756,COUNT,1.0
1759851168758,COUNT,1.0
1759851173757,COUNT,1.0
1759851178760,COUNT,1.0
1759851183759,COUNT,1.0
1759851188759,COUNT,1.0
1759851193759,COUNT,1.0
1759851198759,COUNT,1.0
1759851203760,COUNT,1.0
1759851208755,COUNT,1.0
1759851213758,COUNT,1.0
1759851218756,COUNT,1.0
1759851223758,COUNT,1.0
1759851228756,COUNT,1.0
1759851233756,COUNT,1.0
1759851238757,COUNT,1.0
1759851243757,COUNT,1.0
1759851248756,COUNT,1.0
1759851253758,COUNT,1.0
1759851258754,COUNT,1.0
1759851263756,COUNT,1.0
1759851268756,COUNT,1.0
1759851273752,COUNT,1.0
1759851278757,COUNT,1.0
1759851283757,COUNT,1.0
1759851288754,COUNT,1.0
1759851293755,COUNT,1.0
1759851298753,COUNT,1.0
1759851303754,COUNT,1.0
1759851308751,COUNT,1.0
1759851313752,COUNT,1.0
1759851318752,COUNT,1.0
1759851323758,COUNT,1.0
1759851328754,COUNT,1.0
1759851333762,COUNT,1.0
1759851338752,COUNT,1.0
1759851343752,COUNT,1.0
1759851348753,COUNT,1.0
1759851353752,COUNT,1.0
1759851358759,COUNT,1.0
1759851363751,COUNT,1.0
1759851368752,COUNT,1.0
1759851373757,COUNT,1.0
1759851378751,COUNT,1.0
1759851383756,COUNT,1.0
1759851388755,COUNT,1.0
1759851393756,COUNT,1.0
1759851398749,COUNT,1.0
1759851403756,COUNT,1.0
1759851408755,COUNT,1.0
1759851413749,COUNT,1.0
1759851418753,COUNT,1.0
1759851423754,COUNT,1.0
1759851428747,COUNT,1.0
1759851433755,COUNT,1.0
1759851438748,COUNT,1.0
1759851443754,COUNT,1.0
1759851448748,COUNT,1.0
1759851453754,COUNT,1.0
1759851458756,COUNT,1.0
1759851463756,COUNT,1.0
1759851468746,COUNT,1.0
1759851473751,COUNT,1.0
1759851478746,COUNT,1.0
1759851483750,COUNT,1.0
1759851488756,COUNT,1.0
1759851493754,COUNT,1.0
1759851498751,COUNT,1.0
1759851503746,COUNT,1.0
1759851508746,COUNT,1.0
1759851513748,COUNT,1.0
1759851518746,COUNT,1.0
1759851523744,COUNT,1.0
1759851528748,COUNT,1.0
1759851533746,COUNT,1.0
1759851538748,COUNT,1.0
1759851543758,COUNT,1.0
1759851548750,COUNT,1.0
1759851553744,COUNT,1.0
1759851558743,COUNT,1.0
1759851563742,COUNT,1.0
1759851568745,COUNT,1.0
1759851573744,COUNT,1.0
1759851578746,COUNT,1.0
1759851583746,COUNT,1.0
1759851588745,COUNT,1.0
1759851593742,COUNT,1.0
1759851598743,COUNT,1.0
1759851603746,COUNT,1.0
1759851608742,COUNT,1.0
1759851613741,COUNT,1.0
1759851618741,COUNT,1.0
1759851623745,COUNT,1.0
1759851628744,COUNT,1.0
1759851633745,COUNT,1.0
1759851638743,COUNT,1.0
1759851643744,COUNT,1.0
1759851648741,COUNT,1.0
1759851653743,COUNT,1.0
1759851658739,COUNT,1.0
1759851663739,COUNT,1.0
1759851668741,COUNT,1.0
1759851673740,COUNT,1.0
1759851678739,COUNT,1.0
1759851683743,COUNT,1.0
1759851688742,COUNT,1.0
1759851693742,COUNT,1.0
1759851698739,COUNT,1.0
1759851703741,COUNT,1.0
1759851708742,COUNT,1.0
1759851713742,COUNT,1.0
1759851718741,COUNT,1.0
1759851723750,COUNT,1.0
1759851728750,COUNT,1.0
1759851733741,COUNT,1.0
1759851738741,COUNT,1.0
1759851743740,COUNT,1.0
1759851748740,COUNT,1.0
1759851753739,COUNT,1.0
1759851758736,COUNT,1.0
1759851763737,COUNT,1.0
1759851768741,COUNT,1.0
1759851773740,COUNT,1.0
1759851778736,COUNT,1.0
1759851783739,COUNT,1.0
1759851788737,COUNT,1.0
1759851793734,COUNT,1.0
1759851798736,COUNT,1.0
1759851803738,COUNT,1.0
1759851808738,COUNT,1.0
1759851813734,COUNT,1.0
1759851818733,COUNT,1.0
1759851823737,COUNT,1.0
1759851828735,COUNT,1.0
1759851833736,COUNT,1.0
1759851838737,COUNT,1.0
1759851843737,COUNT,1.0
1759851848733,COUNT,1.0
1759851853736,COUNT,1.0
1759851858733,COUNT,1.0
1759851863735,COUNT,1.0
1759851868733,COUNT,1.0
1759851873732,COUNT,1.0
1759851878735,COUNT,1.0
1759851883732,COUNT,1.0
1759851888735,COUNT,1.0
1759851893732,COUNT,1.0
1759851898725,COUNT,1.0
1759851903717,COUNT,1.0
1759851908715,COUNT,1.0
1759851913707,COUNT,1.0
1759851918704,COUNT,1.0
1759851923702,COUNT,1.0
1759851928703,COUNT,1.0
1759851933698,COUNT,1.0
1759851938698,COUNT,1.0
1759851943695,COUNT,1.0
1759851948701,COUNT,1.0
1759851953699,COUNT,1.0
1759851958696,COUNT,1.0
1759851963695,COUNT,1.0
1759851968693,COUNT,1.0
1759851973694,COUNT,1.0
1759851978694,COUNT,1.0
1759851983693,COUNT,1.0
1759851988692,COUNT,1.0
1759851993695,COUNT,1.0
1759851998696,COUNT,1.0
1759852003696,COUNT,1.0
1759852008695,COUNT,1.0
1759852013694,COUNT,1.0
1759852018693,COUNT,1.0
1759852023694,COUNT,1.0
1759852028694,COUNT,1.0
1759852033690,COUNT,1.0
1759852038694,COUNT,1.0
1759852043693,COUNT,1.0
1759852048694,COUNT,1.0
1759852053693,COUNT,1.0
1759852058693,COUNT,1.0
1759852063692,COUNT,1.0
1759852068697,COUNT,1.0
1759852073693,COUNT,1.0
1759852078690,COUNT,1.0
1759852083690,COUNT,1.0
1759852088694,COUNT,1.0
1759852093691,COUNT,1.0
1759852098694,COUNT,1.0
1759852103688,COUNT,1.0
1759852108688,COUNT,1.0
1759852113687,COUNT,1.0
1759852118692,COUNT,1.0
1759852123686,COUNT,1.0
1759852128690,COUNT,1.0
1759852133686,COUNT,1.0
1759852138685,COUNT,1.0
1759852143686,COUNT,1.0
1759852148686,COUNT,1.0
1759852153686,COUNT,1.0
1759852158689,COUNT,1.0
1759852163689,COUNT,1.0
1759852168687,COUNT,1.0
1759852173688,COUNT,1.0
1759852178689,COUNT,1.0
1759852183689,COUNT,1.0
1759852188689,COUNT,1.0
1759852193688,COUNT,1.0
1759852198687,COUNT,1.0
1759852203685,COUNT,1.0
1759852208686,COUNT,1.0
1759852213687,COUNT,1.0
1759852218686,COUNT,1.0
1759852223687,COUNT,1.0
1759852228685,COUNT,1.0
1759852233683,COUNT,1.0
1759852238684,COUNT,1.0
1759852243685,COUNT,1.0
1759852248682,COUNT,1.0
1759852253681,COUNT,1.0
1759852258681,COUNT,1.0
1759852263683,COUNT,1.0
1759852268686,COUNT,1.0
1759852273681,COUNT,1.0
1759852278682,COUNT,1.0
1759852283679,COUNT,1.0
1759852288680,COUNT,1.0
1759852293682,COUNT,1.0
1759852298682,COUNT,1.0
1759852303683,COUNT,1.0
1759852308680,COUNT,1.0
1759852313679,COUNT,1.0
1759852318682,COUNT,1.0
1759852323682,COUNT,1.0
1759852328682,COUNT,1.0
1759852333679,COUNT,1.0
1759852338678,COUNT,1.0
1759852343677,COUNT,1.0
1759852348679,COUNT,1.0
1759852353681,COUNT,1.0
1759852358681,COUNT,1.0
1759852363680,COUNT,1.0
1759852368677,COUNT,1.0
1759852373675,COUNT,1.0
1759852378680,COUNT,1.0
1759852383681,COUNT,1.0
1759852388679,COUNT,1.0
1759852393675,COUNT,1.0
1759852398679,COUNT,1.0
1759852403679,COUNT,1.0
1759852408679,COUNT,1.0
1759852413678,COUNT,1.0
1759852418678,COUNT,1.0
1759852423674,COUNT,1.0
1759852428675,COUNT,1.0
1759852433676,COUNT,1.0
1759852438676,COUNT,1.0
1759852443674,COUNT,1.0
1759852448674,COUNT,1.0
1759852453672,COUNT,1.0
1759852458674,COUNT,1.0
1759852463674,COUNT,1.0
1759852468672,COUNT,1.0
1759852473672,COUNT,1.0
1759852478672,COUNT,1.0
1759852483675,COUNT,1.0
1759852488675,COUNT,1.0
1759852603300,COUNT,1.0
1759852607703,COUNT,1.0
1759852612690,COUNT,1.0
1759852617683,COUNT,1.0
1759852622686,COUNT,1.0
1759852627681,COUNT,1.0
1759852632685,COUNT,1.0
1759852637684,COUNT,1.0
1759852642678,COUNT,1.0
1759852647674,COUNT,1.0
1759852659852,COUNT,1.0
1759852664854,COUNT,1.0
1759852669855,COUNT,1.0
1759852674853,COUNT,1.0
1759852679852,COUNT,1.0
1759852684855,COUNT,1.0
1759852689854,COUNT,1.0
1759852694854,COUNT,1.0
1759852699853,COUNT,1.0
1759852927972,COUNT,1.0
1759852932959,COUNT,1.0
1759852937951,COUNT,1.0
1759852942956,COUNT,1.0
1759852947952,COUNT,1.0
1759852952955,COUNT,1.0
1759852957957,COUNT,1.0
1759852962957,COUNT,1.0
1759852967950,COUNT,1.0
1759852972955,COUNT,1.0
1759853100891,COUNT,1.0
1759853105887,COUNT,1.0
1759853110893,COUNT,1.0
1759853115890,COUNT,1.0
1759853120885,COUNT,1.0
1759853125893,COUNT,1.0
1759853130884,COUNT,1.0
1759853135885,COUNT,1.0
1759853140884,COUNT,1.0
1759853159699,COUNT,1.0
1759853164705,COUNT,1.0
1759853169700,COUNT,1.0
1759853174702,COUNT,1.0
1759853179695,COUNT,1.0
1759853184694,COUNT,1.0
1759853189694,COUNT,1.0
1759853194703,COUNT,1.0
1759853199703,COUNT,1.0
1759853204696,COUNT,1.0
1759853209694,COUNT,1.0
1759854171863,COUNT,1.0
1759854575620,COUNT,1.0
1759854580619,COUNT,1.0
1759854585625,COUNT,1.0
1759854590619,COUNT,1.0
1759854595625,COUNT,1.0
1759854600624,COUNT,1.0
1759854605623,COUNT,1.0
1759854610622,COUNT,1.0
1759854615625,COUNT,1.0
1759854665674,COUNT,1.0
1759854670681,COUNT,1.0
1759854675678,COUNT,1.0
1759854680673,COUNT,1.0
1759854685677,COUNT,1.0
1759854690676,COUNT,1.0
1759854695674,COUNT,1.0
1759854700681,COUNT,1.0
1759854705681,COUNT,1.0
1759854710678,COUNT,1.0
1759855046827,COUNT,1.0
1759855051810,COUNT,1.0
1759855056806,COUNT,1.0
1759855061805,COUNT,1.0
1759855066806,COUNT,1.0
1759855071804,COUNT,1.0
1759855076809,COUNT,1.0
1759855081802,COUNT,1.0
1759855086805,COUNT,1.0
1759855091802,COUNT,1.0
1759855096804,COUNT,1.0
1759855101801,COUNT,1.0
1759855106799,COUNT,1.0
1759855111801,COUNT,1.0
1759855116804,COUNT,1.0
1759855121801,COUNT,1.0
1759855126802,COUNT,1.0
1759855131802,COUNT,1.0
1759855136799,COUNT,1.0
1759855141800,COUNT,1.0
1759855146801,COUNT,1.0
1759855151799,COUNT,1.0
1759855156799,COUNT,1.0
1759855161800,COUNT,1.0
1759855166801,COUNT,1.0
1759855171800,COUNT,1.0
1759855176799,COUNT,1.0
1759855181799,COUNT,1.0
1759855186798,COUNT,1.0
1759855191797,COUNT,1.0
1759855196799,COUNT,1.0
1759855201796,COUNT,1.0
1759855206799,COUNT,1.0
1759855211798,COUNT,1.0
1759855216796,COUNT,1.0
1759855221796,COUNT,1.0
1759855226796,COUNT,1.0
1759855231795,COUNT,1.0
1759855236797,COUNT,1.0
1759855241796,COUNT,1.0
1759855246796,COUNT,1.0
1759855251794,COUNT,1.0
1759855256793,COUNT,1.0
1759855261794,COUNT,1.0
1759855266795,COUNT,1.0
1759855271795,COUNT,1.0
1759855276793,COUNT,1.0
1759855281793,COUNT,1.0
1759855286792,COUNT,1.0
1759855291794,COUNT,1.0
1759855296791,COUNT,1.0
1759855301793,COUNT,1.0
1759855306789,COUNT,1.0
1759855311793,COUNT,1.0
1759855316792,COUNT,1.0
1759855321792,COUNT,1.0
1759855326791,COUNT,1.0
1759855331791,COUNT,1.0
1759855336792,COUNT,1.0
1759855341790,COUNT,1.0
1759855346792,COUNT,1.0
1759855351788,COUNT,1.0
1759855356789,COUNT,1.0
1759855361787,COUNT,1.0
1759855366786,COUNT,1.0
1759855371788,COUNT,1.0
1759855376788,COUNT,1.0
1759855381788,COUNT,1.0
1759855386789,COUNT,1.0
1759855391790,COUNT,1.0
1759855396785,COUNT,1.0
1759855401785,COUNT,1.0
1759855406789,COUNT,1.0
1759855411786,COUNT,1.0
1759855416789,COUNT,1.0
1759855421786,COUNT,1.0
1759855426786,COUNT,1.0
1759855431784,COUNT,1.0
1759855436786,COUNT,1.0
1759855441786,COUNT,1.0
1759855446786,COUNT,1.0
1759855451787,COUNT,1.0
1759855456791,COUNT,1.0
1759855461787,COUNT,1.0
1759855466786,COUNT,1.0
1759855471782,COUNT,1.0
1759855476791,COUNT,1.0
1759855481785,COUNT,1.0
1759855486786,COUNT,1.0
1759855491785,COUNT,1.0
1759855496782,COUNT,1.0
1759855501781,COUNT,1.0
1759855506785,COUNT,1.0
1759855509291,COUNT,0.0
1759855511779,COUNT,1.0
1759855514280,COUNT,0.0
1759855516785,COUNT,1.0
1759855519277,COUNT,0.0
1759855521781,COUNT,1.0
1759855524283,COUNT,0.0
1759855526785,COUNT,1.0
1759855529276,COUNT,0.0
1759855531778,COUNT,1.0
1759855534276,COUNT,0.0
1759855536780,COUNT,1.0
1759855539272,COUNT,0.0
1759855541772,COUNT,1.0
1759855544262,COUNT,0.0
1759855546760,COUNT,1.0
1759855549255,COUNT,0.0
1759855551750,COUNT,1.0
1759855554247,COUNT,0.0
1759855556749,COUNT,1.0
1759855559244,COUNT,0.0
1759855561741,COUNT,1.0
1759855564240,COUNT,0.0
1759855566738,COUNT,1.0
1759855569238,COUNT,0.0
1759855571739,COUNT,1.0
1759855574240,COUNT,0.0
1759855576738,COUNT,1.0
1759855579244,COUNT,0.0
1759855581734,COUNT,1.0
1759855584240,COUNT,0.0
1759855586734,COUNT,1.0
1759855589230,COUNT,0.0
1759855591735,COUNT,1.0
1759855594229,COUNT,0.0
1759855596732,COUNT,1.0
1759855599227,COUNT,0.0
1759855601733,COUNT,1.0
1759855604226,COUNT,0.0
1759855606732,COUNT,1.0
1759855609230,COUNT,0.0
1759855611731,COUNT,1.0
1759855614225,COUNT,0.0
1759855616732,COUNT,1.0
1759855619226,COUNT,0.0
1759855621728,COUNT,1.0
1759855624224,COUNT,0.0
1759855626732,COUNT,1.0
1759855629227,COUNT,0.0
1759855631732,COUNT,1.0
1759855634227,COUNT,0.0
1759855636731,COUNT,1.0
1759855639227,COUNT,0.0
1759855641727,COUNT,1.0
1759855644225,COUNT,0.0
1759855646730,COUNT,1.0
1759855649225,COUNT,0.0
1759855651729,COUNT,1.0
1759855654227,COUNT,0.0
1759855656725,COUNT,1.0
1759855659226,COUNT,0.0
1759855661729,COUNT,1.0
1759855664223,COUNT,0.0
1759855666728,COUNT,1.0
1759855669226,COUNT,0.0
1759855671728,COUNT,1.0
1759855674225,COUNT,0.0
1759855676725,COUNT,1.0
1759855679220,COUNT,0.0
1759855681729,COUNT,1.0
1759855684220,COUNT,0.0
1759855686728,COUNT,1.0
1759855689221,COUNT,0.0
1759855689444,COUNT,0.0
1759855691728,COUNT,1.0
1759855694222,COUNT,0.0
1759855694437,COUNT,0.0
1759855696727,COUNT,1.0
1759855699230,COUNT,0.0
1759855699440,COUNT,0.0
1759855701727,COUNT,1.0
1759855704224,COUNT,0.0
1759855704440,COUNT,0.0
1759855706732,COUNT,1.0
1759855709222,COUNT,0.0
1759855709437,COUNT,0.0
1759855711724,COUNT,1.0
1759855714221,COUNT,0.0
1759855714440,COUNT,0.0
1759855716727,COUNT,1.0
1759855719224,COUNT,0.0
1759855719434,COUNT,0.0
1759855721725,COUNT,1.0
1759855724223,COUNT,0.0
1759855724436,COUNT,0.0
1759855726724,COUNT,1.0
1759855729218,COUNT,0.0
1759855729432,COUNT,0.0
1759855731720,COUNT,1.0
1759855734218,COUNT,0.0
1759855734438,COUNT,0.0
1759855736727,COUNT,1.0
1759857407900,COUNT,1.0
1759857412901,COUNT,1.0
1759857417897,COUNT,1.0
1759857422895,COUNT,1.0
1759858129674,COUNT,1.0
1759858134669,COUNT,1.0
1759858139668,COUNT,1.0
1759858144672,COUNT,1.0
1759858149670,COUNT,1.0
1759858154673,COUNT,1.0
1759858159673,COUNT,1.0
1759858439341,COUNT,1.0
1759858444338,COUNT,1.0
1759858449337,COUNT,1.0
1759858454340,COUNT,1.0
1759858708523,COUNT,1.0
1759858713519,COUNT,1.0
1759858718515,COUNT,1.0
1759858723518,COUNT,1.0
1759858810013,COUNT,1.0
1759858815007,COUNT,1.0
1759858820005,COUNT,1.0
1759858825008,COUNT,1.0
1759859018570,COUNT,1.0
1759859023571,COUNT,1.0
1759859028568,COUNT,1.0
1759859033567,COUNT,1.0
1759859038567,COUNT,1.0
1759859043571,COUNT,1.0
1759859053300,COUNT,1.0
1759859166043,COUNT,1.0
1759859171042,COUNT,1.0
1759859176035,COUNT,1.0
1759859181038,COUNT,1.0
1759859186039,COUNT,1.0
1759859191035,COUNT,1.0
1759859200556,COUNT,1.0
1759859723605,COUNT,1.0
1759859728596,COUNT,1.0
1759859733600,COUNT,1.0
1759859738600,COUNT,1.0
1759859743597,COUNT,1.0
1759859748599,COUNT,1.0
1759859758521,COUNT,1.0
1759859989856,COUNT,1.0
1759859994867,COUNT,1.0
1759859999854,COUNT,1.0
1759860004852,COUNT,1.0
1759860009858,COUNT,1.0
1759860014855,COUNT,1.0
1759860025641,COUNT,1.0
1759860695873,COUNT,1.0
1759860700818,COUNT,1.0
1759860705815,COUNT,1.0
1759860710812,COUNT,1.0
1759860715817,COUNT,1.0
1759860720815,COUNT,1.0
1759860731350,COUNT,1.0
1759860855253,COUNT,1.0
1759860860241,COUNT,1.0
1759860865241,COUNT,1.0
1759860870237,COUNT,1.0
1759860875242,COUNT,1.0
1759860880242,COUNT,1.0
1759860889616,COUNT,1.0
