1759820219772,VALUE,0.0
1759820224768,VALUE,0.0
1759820229768,VALUE,0.0
1759820234770,VALUE,0.0
1759820239767,VALUE,0.0
1759820244768,VALUE,0.0
1759820249763,VALUE,0.0
1759820254767,VALUE,0.0
1759820259776,VALUE,0.0
1759820264766,VALUE,0.0
1759820269764,VALUE,0.0
1759820274766,VALUE,0.0
1759820279761,VALUE,0.0
1759820284772,VALUE,0.0
1759820289766,VALUE,0.0
1759820294767,VALUE,0.0
1759820299767,VALUE,0.0
1759820304767,VALUE,0.0
1759820309762,VALUE,0.0
1759820314767,VALUE,0.0
1759820319767,VALUE,0.0
1759820324776,VALUE,0.0
1759820329766,VALUE,0.0
1759820334774,VALUE,0.0
1759820339765,VALUE,0.0
1759820344765,VALUE,0.0
1759820349763,VALUE,0.0
1759820354760,VALUE,0.0
1759820359762,VALUE,0.0
1759820364769,VALUE,0.0
1759820369763,VALUE,0.0
1759820374771,VALUE,0.0
1759820379759,VALUE,0.0
1759820384769,VALUE,0.0
1759820389765,VALUE,0.0
1759820394769,VALUE,0.0
1759820399761,VALUE,0.0
1759820404764,VALUE,0.0
1759820409760,VALUE,0.0
1759820414764,VALUE,0.0
1759820419760,VALUE,0.0
1759820424770,VALUE,0.0
1759820429763,VALUE,0.0
1759820434763,VALUE,0.0
1759820439767,VALUE,0.0
1759820444763,VALUE,0.0
1759820449760,VALUE,0.0
1759820454760,VALUE,0.0
1759820459759,VALUE,0.0
1759820464764,VALUE,0.0
1759820469761,VALUE,0.0
1759820474756,VALUE,0.0
1759820479761,VALUE,0.0
1759820484761,VALUE,0.0
1759820489762,VALUE,0.0
1759820494764,VALUE,0.0
1759820499760,VALUE,0.0
1759820504762,VALUE,0.0
1759820509759,VALUE,0.0
1759820514762,VALUE,0.0
1759820519760,VALUE,0.0
1759820524760,VALUE,0.0
1759820529757,VALUE,0.0
1759820534760,VALUE,0.0
1759820539755,VALUE,0.0
1759820544760,VALUE,0.0
1759820549760,VALUE,0.0
1759820554761,VALUE,0.0
1759820559759,VALUE,0.0
1759820564763,VALUE,0.0
1759820569757,VALUE,0.0
1759820574760,VALUE,0.0
1759820579759,VALUE,0.0
1759820584766,VALUE,0.0
1759820589769,VALUE,0.0
1759820594783,VALUE,0.0
1759820599760,VALUE,0.0
1759820604759,VALUE,0.0
1759820609755,VALUE,0.0
1759820614759,VALUE,0.0
1759820619756,VALUE,0.0
1759820624755,VALUE,0.0
1759820629761,VALUE,0.0
1759820634760,VALUE,0.0
1759820639758,VALUE,0.0
1759820644771,VALUE,0.0
1759820649757,VALUE,0.0
1759820654756,VALUE,0.0
1759820659752,VALUE,0.0
1759820664757,VALUE,0.0
1759820669753,VALUE,0.0
1759820674756,VALUE,0.0
1759820679753,VALUE,0.0
1759820684758,VALUE,0.0
1759820689753,VALUE,0.0
1759820694756,VALUE,0.0
1759820699754,VALUE,0.0
1759820704756,VALUE,0.0
1759820709756,VALUE,0.0
1759820714756,VALUE,0.0
1759820719755,VALUE,0.0
1759820724752,VALUE,0.0
1759820729752,VALUE,0.0
1759820734752,VALUE,0.0
1759820739750,VALUE,0.0
1759820744755,VALUE,0.0
1759820749751,VALUE,0.0
1759820754759,VALUE,0.0
1759820759754,VALUE,0.0
1759820764773,VALUE,0.0
1759820769761,VALUE,0.0
1759820774757,VALUE,0.0
1759820779754,VALUE,0.0
1759820784753,VALUE,0.0
1759820789753,VALUE,0.0
1759820794756,VALUE,0.0
1759820799752,VALUE,0.0
1759820804752,VALUE,0.0
1759820809748,VALUE,0.0
1759820814753,VALUE,0.0
1759820819750,VALUE,0.0
1759820824749,VALUE,0.0
1759820829749,VALUE,0.0
1759820834753,VALUE,0.0
1759820839749,VALUE,0.0
1759820844754,VALUE,0.0
1759820849751,VALUE,0.0
1759820854751,VALUE,0.0
1759820859750,VALUE,0.0
1759820864756,VALUE,0.0
1759820869749,VALUE,0.0
1759820874752,VALUE,0.0
1759820879749,VALUE,0.0
1759820884748,VALUE,0.0
1759820889754,VALUE,0.0
1759820894751,VALUE,0.0
1759820899751,VALUE,0.0
1759820904751,VALUE,0.0
1759820909749,VALUE,0.0
1759820914748,VALUE,0.0
1759820919749,VALUE,0.0
1759820924754,VALUE,0.0
1759820929747,VALUE,0.0
1759820934751,VALUE,0.0
1759820939746,VALUE,0.0
1759820944751,VALUE,0.0
1759820949751,VALUE,0.0
1759820954747,VALUE,0.0
1759820959747,VALUE,0.0
1759820964750,VALUE,0.0
1759820969750,VALUE,0.0
1759820974750,VALUE,0.0
1759820979748,VALUE,0.0
1759820984748,VALUE,0.0
1759820989750,VALUE,0.0
1759820994752,VALUE,0.0
1759820999745,VALUE,0.0
1759821004751,VALUE,0.0
1759821009747,VALUE,0.0
1759821014753,VALUE,0.0
1759821019760,VALUE,0.0
1759821024756,VALUE,0.0
1759821029752,VALUE,0.0
1759821034762,VALUE,0.0
1759821082792,VALUE,0.0
1759821087800,VALUE,0.0
1759821092798,VALUE,0.0
1759821097799,VALUE,0.0
1759821102792,VALUE,0.0
1759821107798,VALUE,0.0
1759821112794,VALUE,0.0
1759821117798,VALUE,0.0
1759821122799,VALUE,0.0
1759821127798,VALUE,0.0
1759821132793,VALUE,0.0
1759821137797,VALUE,0.0
1759821142794,VALUE,0.0
1759821147795,VALUE,0.0
1759821152792,VALUE,0.0
1759821194617,VALUE,0.0
1759821199602,VALUE,0.0
1759821204606,VALUE,0.0
1759821209604,VALUE,0.0
1759821214604,VALUE,0.0
1759821219594,VALUE,0.0
1759821224595,VALUE,0.0
1759821229595,VALUE,0.0
1759821234600,VALUE,0.0
1759821239593,VALUE,0.0
1759821244599,VALUE,0.0
1759821249598,VALUE,0.0
1759821254599,VALUE,0.0
1759821259601,VALUE,0.0
1759821264599,VALUE,0.0
1759821274809,VALUE,0.0
1759821279810,VALUE,0.0
1759821284804,VALUE,0.0
1759821289803,VALUE,0.0
1759821294801,VALUE,0.0
1759821299805,VALUE,0.0
1759821304803,VALUE,0.0
1759821309831,VALUE,0.0
1759821314819,VALUE,0.0
1759821319812,VALUE,0.0
1759821324801,VALUE,0.0
1759821329806,VALUE,0.0
1759821334799,VALUE,0.0
1759821339802,VALUE,0.0
1759821344800,VALUE,0.0
1759821349808,VALUE,0.0
1759821354804,VALUE,0.0
1759821359815,VALUE,0.0
1759821364803,VALUE,0.0
1759821369803,VALUE,0.0
1759821374797,VALUE,0.0
1759821379807,VALUE,0.0
1759821384800,VALUE,0.0
1759821389807,VALUE,0.0
1759821394801,VALUE,0.0
1759821399807,VALUE,0.0
1759821404799,VALUE,0.0
1759821409806,VALUE,0.0
1759821414796,VALUE,0.0
1759821419803,VALUE,0.0
1759821424799,VALUE,0.0
1759821429799,VALUE,0.0
1759821434797,VALUE,0.0
1759821439798,VALUE,0.0
1759821444800,VALUE,0.0
1759821449801,VALUE,0.0
1759821454799,VALUE,0.0
1759821459800,VALUE,0.0
1759821464799,VALUE,0.0
1759821469799,VALUE,0.0
1759821474799,VALUE,0.0
1759821479800,VALUE,0.0
1759821484798,VALUE,0.0
1759821489802,VALUE,0.0
1759821494803,VALUE,0.0
1759821499798,VALUE,0.0
1759821504796,VALUE,0.0
1759821509800,VALUE,0.0
1759821514803,VALUE,0.0
1759821521564,VALUE,0.0
1759821526507,VALUE,0.0
1759821531503,VALUE,0.0
1759821536502,VALUE,0.0
1759821541506,VALUE,0.0
1759821546503,VALUE,0.0
1759821551505,VALUE,0.0
1759821556496,VALUE,0.0
1759821561504,VALUE,0.0
1759821566495,VALUE,0.0
1759822496469,VALUE,0.0
1759822501461,VALUE,0.0
1759822506453,VALUE,0.0
1759822511440,VALUE,0.0
1759822516440,VALUE,0.0
1759822521432,VALUE,0.0
1759822526432,VALUE,0.0
1759822531440,VALUE,0.0
1759822561237,VALUE,0.0
1759822566240,VALUE,0.0
1759822571230,VALUE,0.0
1759822576234,VALUE,0.0
1759822581231,VALUE,0.0
1759822586225,VALUE,0.0
1759822591231,VALUE,0.0
1759822596223,VALUE,0.0
1759822601232,VALUE,0.0
1759822606228,VALUE,0.0
1759822611229,VALUE,0.0
1759822616231,VALUE,0.0
1759822621227,VALUE,0.0
1759822626223,VALUE,0.0
1759822631228,VALUE,0.0
1759823502998,VALUE,0.0
1759823507998,VALUE,0.0
1759823512996,VALUE,0.0
1759823517998,VALUE,0.0
1759823522991,VALUE,0.0
1759823527995,VALUE,0.0
1759823532995,VALUE,0.0
1759823537995,VALUE,0.0
1759823542994,VALUE,0.0
1759823547997,VALUE,0.0
1759823552990,VALUE,0.0
1759823557998,VALUE,0.0
1759823562994,VALUE,0.0
1759823567995,VALUE,0.0
1759823583922,VALUE,0.0
1759823588925,VALUE,0.0
1759823593923,VALUE,0.0
1759823598919,VALUE,0.0
1759823603917,VALUE,0.0
1759823608922,VALUE,0.0
1759823613921,VALUE,0.0
1759823618917,VALUE,0.0
1759823623923,VALUE,0.0
1759823628921,VALUE,0.0
1759823720632,VALUE,0.0
1759823725634,VALUE,0.0
1759823730627,VALUE,0.0
1759823735633,VALUE,0.0
1759823740632,VALUE,0.0
1759823745633,VALUE,0.0
1759823750627,VALUE,0.0
1759823755635,VALUE,0.0
1759823760634,VALUE,0.0
1759823786060,VALUE,0.0
1759823791058,VALUE,0.0
1759823796063,VALUE,0.0
1759823801061,VALUE,0.0
1759823806058,VALUE,0.0
1759823811062,VALUE,0.0
1759823816064,VALUE,0.0
1759823821061,VALUE,0.0
1759823826062,VALUE,0.0
1759823831056,VALUE,0.0
1759823836064,VALUE,0.0
1759823841065,VALUE,0.0
1759823846063,VALUE,0.0
1759823851061,VALUE,0.0
1759823856060,VALUE,0.0
1759823947364,VALUE,0.0
1759823952369,VALUE,0.0
1759823957364,VALUE,0.0
1759823962365,VALUE,0.0
1759823967362,VALUE,0.0
1759823972367,VALUE,0.0
1759823977364,VALUE,0.0
1759823982364,VALUE,0.0
1759823987364,VALUE,0.0
1759823992363,VALUE,0.0
1759823997357,VALUE,0.0
1759824002362,VALUE,0.0
1759824007363,VALUE,0.0
1759824012366,VALUE,0.0
1759824017361,VALUE,0.0
1759824022363,VALUE,0.0
1759824027363,VALUE,0.0
1759824032364,VALUE,0.0
1759824037357,VALUE,0.0
1759824053427,VALUE,0.0
1759824058426,VALUE,0.0
1759824063426,VALUE,0.0
1759824068424,VALUE,0.0
1759824073429,VALUE,0.0
1759824078425,VALUE,0.0
1759824083426,VALUE,0.0
1759824088423,VALUE,0.0
1759824093426,VALUE,0.0
1759824098421,VALUE,0.0
1759824103426,VALUE,0.0
1759824108418,VALUE,0.0
1759824113424,VALUE,0.0
1759824118427,VALUE,0.0
1759824182549,VALUE,0.0
1759824187548,VALUE,0.0
1759824192542,VALUE,0.0
1759824197545,VALUE,0.0
1759824202548,VALUE,0.0
1759824207544,VALUE,0.0
1759824212545,VALUE,0.0
1759824217545,VALUE,0.0
1759824222550,VALUE,0.0
1759824227543,VALUE,0.0
1759824232538,VALUE,0.0
1759824237543,VALUE,0.0
1759824242543,VALUE,0.0
1759824247547,VALUE,0.0
1759824252543,VALUE,0.0
1759824369946,VALUE,0.0
1759824374956,VALUE,0.0
1759824379944,VALUE,0.0
1759824384943,VALUE,0.0
1759824389941,VALUE,0.0
1759824394943,VALUE,0.0
1759824399941,VALUE,0.0
1759824404955,VALUE,0.0
1759824409943,VALUE,0.0
1759824414940,VALUE,0.0
1759824419942,VALUE,0.0
1759824424944,VALUE,0.0
1759824429940,VALUE,0.0
1759824434938,VALUE,0.0
1759824439940,VALUE,0.0
1759824444942,VALUE,0.0
1759824449937,VALUE,0.0
1759824454938,VALUE,0.0
1759824459943,VALUE,0.0
1759824464947,VALUE,0.0
1759824469935,VALUE,0.0
1759824474941,VALUE,0.0
1759824479938,VALUE,0.0
1759824484938,VALUE,0.0
1759824489938,VALUE,0.0
1759824494939,VALUE,0.0
1759824499939,VALUE,0.0
1759824504941,VALUE,0.0
1759824509935,VALUE,0.0
1759824514940,VALUE,0.0
1759824519938,VALUE,0.0
1759824524940,VALUE,0.0
1759824529939,VALUE,0.0
1759824534938,VALUE,0.0
1759824539935,VALUE,0.0
1759824544937,VALUE,0.0
1759824549938,VALUE,0.0
1759824554937,VALUE,0.0
1759824559938,VALUE,0.0
1759824564937,VALUE,0.0
1759824569936,VALUE,0.0
1759824574937,VALUE,0.0
1759824579934,VALUE,0.0
1759824584938,VALUE,0.0
1759824589936,VALUE,0.0
1759824594934,VALUE,0.0
1759824599935,VALUE,0.0
1759824604935,VALUE,0.0
1759824609935,VALUE,0.0
1759824614934,VALUE,0.0
1759824619934,VALUE,0.0
1759824624933,VALUE,0.0
1759824629934,VALUE,0.0
1759824634935,VALUE,0.0
1759824639932,VALUE,0.0
1759824644936,VALUE,0.0
1759824649935,VALUE,0.0
1759824654931,VALUE,0.0
1759824659931,VALUE,0.0
1759824664935,VALUE,0.0
1759824669936,VALUE,0.0
1759824674934,VALUE,0.0
1759824679933,VALUE,0.0
1759824684934,VALUE,0.0
1759824689929,VALUE,0.0
1759824694932,VALUE,0.0
1759824699928,VALUE,0.0
1759824704933,VALUE,0.0
1759824709933,VALUE,0.0
1759824714933,VALUE,0.0
1759824719929,VALUE,0.0
1759824724933,VALUE,0.0
1759824729930,VALUE,0.0
1759824734933,VALUE,0.0
1759824739773,VALUE,0.0
1759824744767,VALUE,0.0
1759824749765,VALUE,0.0
1759824754762,VALUE,0.0
1759824759758,VALUE,0.0
1759824764763,VALUE,0.0
1759824769760,VALUE,0.0
1759824774756,VALUE,0.0
1759824779755,VALUE,0.0
1759824784759,VALUE,0.0
1759824789759,VALUE,0.0
1759824794754,VALUE,0.0
1759824799745,VALUE,0.0
1759824804743,VALUE,0.0
1759824809735,VALUE,0.0
1759824814735,VALUE,0.0
1759824819730,VALUE,0.0
1759825699312,VALUE,0.0
1759825704307,VALUE,0.0
1759825709306,VALUE,0.0
1759825714301,VALUE,0.0
1759825719304,VALUE,0.0
1759825724297,VALUE,0.0
1759825754230,VALUE,0.0
1759825759237,VALUE,0.0
1759825764233,VALUE,0.0
1759825769236,VALUE,0.0
1759825774238,VALUE,0.0
1759825779230,VALUE,0.0
1759825784232,VALUE,0.0
1759825789235,VALUE,0.0
1759825794237,VALUE,0.0
1759825799235,VALUE,0.0
1759826474253,VALUE,0.0
1759826479247,VALUE,0.0
1759826484252,VALUE,0.0
1759826489249,VALUE,0.0
1759826494250,VALUE,0.0
1759826499246,VALUE,0.0
1759826504250,VALUE,0.0
1759826509241,VALUE,0.0
1759826514248,VALUE,0.0
1759826519248,VALUE,0.0
1759826524241,VALUE,0.0
1759826529245,VALUE,0.0
1759826534243,VALUE,0.0
1759826539240,VALUE,0.0
1759826544243,VALUE,0.0
1759827003030,VALUE,0.0
1759827008032,VALUE,0.0
1759827013031,VALUE,0.0
1759827018029,VALUE,0.0
1759827023033,VALUE,0.0
1759827028035,VALUE,0.0
1759827033037,VALUE,0.0
1759827038037,VALUE,0.0
1759827043037,VALUE,0.0
1759827048027,VALUE,0.0
1759827053030,VALUE,0.0
1759827058037,VALUE,0.0
1759827063035,VALUE,0.0
1759827068034,VALUE,0.0
1759827073034,VALUE,0.0
1759828003653,VALUE,0.0
1759828008650,VALUE,0.0
1759828013655,VALUE,0.0
1759828018651,VALUE,0.0
1759828023652,VALUE,0.0
1759828028651,VALUE,0.0
1759828033649,VALUE,0.0
1759828038651,VALUE,0.0
1759828043652,VALUE,0.0
1759828048649,VALUE,0.0
1759828053646,VALUE,0.0
1759828058649,VALUE,0.0
1759828063652,VALUE,0.0
1759828068648,VALUE,0.0
1759828959601,VALUE,0.0
1759828964535,VALUE,0.0
1759828969532,VALUE,0.0
1759828974530,VALUE,0.0
1759828979533,VALUE,0.0
1759828984527,VALUE,0.0
1759828989524,VALUE,0.0
1759829019470,VALUE,0.0
1759829024518,VALUE,0.0
1759829029478,VALUE,0.0
1759829034475,VALUE,0.0
1759829039478,VALUE,0.0
1759829044467,VALUE,0.0
1759829049477,VALUE,0.0
1759829054474,VALUE,0.0
1759829059472,VALUE,0.0
1759829064476,VALUE,0.0
1759829069473,VALUE,0.0
1759829074473,VALUE,0.0
1759829079465,VALUE,0.0
1759829084471,VALUE,0.0
1759830015111,VALUE,0.0
1759830020114,VALUE,0.0
1759830025111,VALUE,0.0
1759830030108,VALUE,0.0
1759830035107,VALUE,0.0
1759830040099,VALUE,0.0
1759830045103,VALUE,0.0
1759830050097,VALUE,0.0
1759830055098,VALUE,0.0
1759830060101,VALUE,0.0
1759830990138,VALUE,0.0
1759830995133,VALUE,0.0
1759831000131,VALUE,0.0
1759831005127,VALUE,0.0
1759831010127,VALUE,0.0
1759831015126,VALUE,0.0
1759831020122,VALUE,0.0
1759831025125,VALUE,0.0
1759831030120,VALUE,0.0
1759831035117,VALUE,0.0
1759831040119,VALUE,0.0
1759831045123,VALUE,0.0
1759831050118,VALUE,0.0
1759831055116,VALUE,0.0
1759831960771,VALUE,0.0
1759831965779,VALUE,0.0
1759831970774,VALUE,0.0
1759831975781,VALUE,0.0
1759831980782,VALUE,0.0
1759831985786,VALUE,0.0
1759832015697,VALUE,0.0
1759832020697,VALUE,0.0
1759832025689,VALUE,0.0
1759832030698,VALUE,0.0
1759832035698,VALUE,0.0
1759832040690,VALUE,0.0
1759832045698,VALUE,0.0
1759832050698,VALUE,0.0
1759832055691,VALUE,0.0
1759832060690,VALUE,0.0
1759832065698,VALUE,0.0
1759832070693,VALUE,0.0
1759832075697,VALUE,0.0
1759832080689,VALUE,0.0
1759832085694,VALUE,0.0
1759832968713,VALUE,0.0
1759832973713,VALUE,0.0
1759832978705,VALUE,0.0
1759832983708,VALUE,0.0
1759832988706,VALUE,0.0
1759832993702,VALUE,0.0
1759833023495,VALUE,0.0
1759833028491,VALUE,0.0
1759833033493,VALUE,0.0
1759833038493,VALUE,0.0
1759833043489,VALUE,0.0
1759833048491,VALUE,0.0
1759833053488,VALUE,0.0
1759833058487,VALUE,0.0
1759833063481,VALUE,0.0
1759833068481,VALUE,0.0
1759833073487,VALUE,0.0
1759833078486,VALUE,0.0
1759833083487,VALUE,0.0
1759833088481,VALUE,0.0
1759833093487,VALUE,0.0
1759834023499,VALUE,0.0
1759834028495,VALUE,0.0
1759834033499,VALUE,0.0
1759834038489,VALUE,0.0
1759834043487,VALUE,0.0
1759834048495,VALUE,0.0
1759834053488,VALUE,0.0
1759834058496,VALUE,0.0
1759834063487,VALUE,0.0
1759834994335,VALUE,0.0
1759834999503,VALUE,0.0
1759835004503,VALUE,0.0
1759835009499,VALUE,0.0
1759835014503,VALUE,0.0
1759835019496,VALUE,0.0
1759835024495,VALUE,0.0
1759835029499,VALUE,0.0
1759835034502,VALUE,0.0
1759835039493,VALUE,0.0
1759835653505,VALUE,0.0
1759835658499,VALUE,0.0
1759835663498,VALUE,0.0
1759835668497,VALUE,0.0
1759835673503,VALUE,0.0
1759835678502,VALUE,0.0
1759835683503,VALUE,0.0
1759835688503,VALUE,0.0
1759835693504,VALUE,0.0
1759835799529,VALUE,0.0
1759835804531,VALUE,0.0
1759835809525,VALUE,0.0
1759835814531,VALUE,0.0
1759835819528,VALUE,0.0
1759835824528,VALUE,0.0
1759835829527,VALUE,0.0
1759835834528,VALUE,0.0
1759835839528,VALUE,0.0
1759835844523,VALUE,0.0
1759835849531,VALUE,0.0
1759835854526,VALUE,0.0
1759835859532,VALUE,0.0
1759835864528,VALUE,0.0
1759835869531,VALUE,0.0
1759836761968,VALUE,0.0
1759836766957,VALUE,0.0
1759836771947,VALUE,0.0
1759836776944,VALUE,0.0
1759836781935,VALUE,0.0
1759836786931,VALUE,0.0
1759836816852,VALUE,0.0
1759836821851,VALUE,0.0
1759836826849,VALUE,0.0
1759836831852,VALUE,0.0
1759836836852,VALUE,0.0
1759836841851,VALUE,0.0
1759836846842,VALUE,0.0
1759836851850,VALUE,0.0
1759836856848,VALUE,0.0
1759836861846,VALUE,0.0
1759836866843,VALUE,0.0
1759836871847,VALUE,0.0
1759836876848,VALUE,0.0
1759836881847,VALUE,0.0
1759836886845,VALUE,0.0
1759837107668,VALUE,0.0
1759837112659,VALUE,0.0
1759837117660,VALUE,0.0
1759837122662,VALUE,0.0
1759837127663,VALUE,0.0
1759837132667,VALUE,0.0
1759837137666,VALUE,0.0
1759837142664,VALUE,0.0
1759837147663,VALUE,0.0
1759837152664,VALUE,0.0
1759837157664,VALUE,0.0
1759837162663,VALUE,0.0
1759837167662,VALUE,0.0
1759837172664,VALUE,0.0
1759837316142,VALUE,0.0
1759837320973,VALUE,0.0
1759837325967,VALUE,0.0
1759837330962,VALUE,0.0
1759837335963,VALUE,0.0
1759837340968,VALUE,0.0
1759837345968,VALUE,0.0
1759837350966,VALUE,0.0
1759837355971,VALUE,0.0
1759837360967,VALUE,0.0
1759837365965,VALUE,0.0
1759837370971,VALUE,0.0
1759837375968,VALUE,0.0
1759837438975,VALUE,0.0
1759837443918,VALUE,0.0
1759837448917,VALUE,0.0
1759837453915,VALUE,0.0
1759837458917,VALUE,0.0
1759837463912,VALUE,0.0
1759837468917,VALUE,0.0
1759837473913,VALUE,0.0
1759837478917,VALUE,0.0
1759837483916,VALUE,0.0
1759837594601,VALUE,0.0
1759837599591,VALUE,0.0
1759837604598,VALUE,0.0
1759837609593,VALUE,0.0
1759837614597,VALUE,0.0
1759837619596,VALUE,0.0
1759837624599,VALUE,0.0
1759837629601,VALUE,0.0
1759837634596,VALUE,0.0
1759837735760,VALUE,0.0
1759837740763,VALUE,0.0
1759837745607,VALUE,0.0
1759837750604,VALUE,0.0
1759837755605,VALUE,0.0
1759837760601,VALUE,0.0
1759837765607,VALUE,0.0
1759837770604,VALUE,0.0
1759837775603,VALUE,0.0
1759837780602,VALUE,0.0
1759838091086,VALUE,0.0
1759838096089,VALUE,0.0
1759838101090,VALUE,0.0
1759838106094,VALUE,0.0
1759838111094,VALUE,0.0
1759838116093,VALUE,0.0
1759838121091,VALUE,0.0
1759838126088,VALUE,0.0
1759838131084,VALUE,0.0
1759838136085,VALUE,0.0
1759838141091,VALUE,0.0
1759838146082,VALUE,0.0
1759838151084,VALUE,0.0
1759838156084,VALUE,0.0
1759838161089,VALUE,0.0
1759838186088,VALUE,0.0
1759838191089,VALUE,0.0
1759838196079,VALUE,0.0
1759838201088,VALUE,0.0
1759838206089,VALUE,0.0
1759838211086,VALUE,0.0
1759838216094,VALUE,0.0
1759838221080,VALUE,0.0
1759838226083,VALUE,0.0
1759838231082,VALUE,0.0
1759838236079,VALUE,0.0
1759838241079,VALUE,0.0
1759838246079,VALUE,0.0
1759838251084,VALUE,0.0
1759838256082,VALUE,0.0
1759838261087,VALUE,0.0
1759838266083,VALUE,0.0
1759838271077,VALUE,0.0
1759838276080,VALUE,0.0
1759838281083,VALUE,0.0
1759838286086,VALUE,0.0
1759838291075,VALUE,0.0
1759838296080,VALUE,0.0
1759838301080,VALUE,0.0
1759838306081,VALUE,0.0
1759838344063,VALUE,0.0
1759838349068,VALUE,0.0
1759838354066,VALUE,0.0
1759838359065,VALUE,0.0
1759838364062,VALUE,0.0
1759838369064,VALUE,0.0
1759838374063,VALUE,0.0
1759838379066,VALUE,0.0
1759838384064,VALUE,0.0
1759838389065,VALUE,0.0
1759838394072,VALUE,0.0
1759838399059,VALUE,0.0
1759838404058,VALUE,0.0
1759838409057,VALUE,0.0
1759838414057,VALUE,0.0
1759838419057,VALUE,0.0
1759838424054,VALUE,0.0
1759838429056,VALUE,0.0
1759838434056,VALUE,0.0
1759838439056,VALUE,0.0
1759838444052,VALUE,0.0
1759838449052,VALUE,0.0
1759838454055,VALUE,0.0
1759838459055,VALUE,0.0
1759838464051,VALUE,0.0
1759838469054,VALUE,0.0
1759838474053,VALUE,0.0
1759838479052,VALUE,0.0
1759838484053,VALUE,0.0
1759838489053,VALUE,0.0
1759838494052,VALUE,0.0
1759838499052,VALUE,0.0
1759838504052,VALUE,0.0
1759838509050,VALUE,0.0
1759838514052,VALUE,0.0
1759838519050,VALUE,0.0
1759838524052,VALUE,0.0
1759838529050,VALUE,0.0
1759838534050,VALUE,0.0
1759838539051,VALUE,0.0
1759838544051,VALUE,0.0
1759838549052,VALUE,0.0
1759838554049,VALUE,0.0
1759838559046,VALUE,0.0
1759838564047,VALUE,0.0
1759838569050,VALUE,0.0
1759838574045,VALUE,0.0
1759838579049,VALUE,0.0
1759838584048,VALUE,0.0
1759838589049,VALUE,0.0
1759838594049,VALUE,0.0
1759838599043,VALUE,0.0
1759838604048,VALUE,0.0
1759838609044,VALUE,0.0
1759838614048,VALUE,0.0
1759838619045,VALUE,0.0
1759838624043,VALUE,0.0
1759838629047,VALUE,0.0
1759838634043,VALUE,0.0
1759838639040,VALUE,0.0
1759838644041,VALUE,0.0
1759838649048,VALUE,0.0
1759838654041,VALUE,0.0
1759838659042,VALUE,0.0
1759838664044,VALUE,0.0
1759838669041,VALUE,0.0
1759838674042,VALUE,0.0
1759838679042,VALUE,0.0
1759838684040,VALUE,0.0
1759838689045,VALUE,0.0
1759838694043,VALUE,0.0
1759838699038,VALUE,0.0
1759838704071,VALUE,0.0
1759838709040,VALUE,0.0
1759838714036,VALUE,0.0
1759838719048,VALUE,0.0
1759838724039,VALUE,0.0
1759838729035,VALUE,0.0
1759838734038,VALUE,0.0
1759838739038,VALUE,0.0
1759838744038,VALUE,0.0
1759838749036,VALUE,0.0
1759838754037,VALUE,0.0
1759838759041,VALUE,0.0
1759838764046,VALUE,0.0
1759838769051,VALUE,0.0
1759838774055,VALUE,0.0
1759838779060,VALUE,0.0
1759838784056,VALUE,0.0
1759838789060,VALUE,0.0
1759838794062,VALUE,0.0
1759838799064,VALUE,0.0
1759838804061,VALUE,0.0
1759838809062,VALUE,0.0
1759838814063,VALUE,0.0
1759838819063,VALUE,0.0
1759838824061,VALUE,0.0
1759838829059,VALUE,0.0
1759838834064,VALUE,0.0
1759838839063,VALUE,0.0
1759838844064,VALUE,0.0
1759838849061,VALUE,0.0
1759838854063,VALUE,0.0
1759838859058,VALUE,0.0
1759838864060,VALUE,0.0
1759838869058,VALUE,0.0
1759838874063,VALUE,0.0
1759838879057,VALUE,0.0
1759838884062,VALUE,0.0
1759838889061,VALUE,0.0
1759838894061,VALUE,0.0
1759838899061,VALUE,0.0
1759838904057,VALUE,0.0
1759838909058,VALUE,0.0
1759838914060,VALUE,0.0
1759838919063,VALUE,0.0
1759838924057,VALUE,0.0
1759838929060,VALUE,0.0
1759838934058,VALUE,0.0
1759838939061,VALUE,0.0
1759838944056,VALUE,0.0
1759838949056,VALUE,0.0
1759838954057,VALUE,0.0
1759838959057,VALUE,0.0
1759838964058,VALUE,0.0
1759838969056,VALUE,0.0
1759838974056,VALUE,0.0
1759838979056,VALUE,0.0
1759838984057,VALUE,0.0
1759838989055,VALUE,0.0
1759838994056,VALUE,0.0
1759838999059,VALUE,0.0
1759839004053,VALUE,0.0
1759839009054,VALUE,0.0
1759839014053,VALUE,0.0
1759839019054,VALUE,0.0
1759839024055,VALUE,0.0
1759839029051,VALUE,0.0
1759839034052,VALUE,0.0
1759839039052,VALUE,0.0
1759839044052,VALUE,0.0
1759839049054,VALUE,0.0
1759839054052,VALUE,0.0
1759839059056,VALUE,0.0
1759839064052,VALUE,0.0
1759839069051,VALUE,0.0
1759839074052,VALUE,0.0
1759839079052,VALUE,0.0
1759839084053,VALUE,0.0
1759839089050,VALUE,0.0
1759839094051,VALUE,0.0
1759839099052,VALUE,0.0
1759839104050,VALUE,0.0
1759839109055,VALUE,0.0
1759839114051,VALUE,0.0
1759839119052,VALUE,0.0
1759839124050,VALUE,0.0
1759839129058,VALUE,0.0
1759839134050,VALUE,0.0
1759839139046,VALUE,0.0
1759839144046,VALUE,0.0
1759839149051,VALUE,0.0
1759839154050,VALUE,0.0
1759839159049,VALUE,0.0
1759839164046,VALUE,0.0
1759839169045,VALUE,0.0
1759839174045,VALUE,0.0
1759839179047,VALUE,0.0
1759839184047,VALUE,0.0
1759839189046,VALUE,0.0
1759839194047,VALUE,0.0
1759839199045,VALUE,0.0
1759839204048,VALUE,0.0
1759839209047,VALUE,0.0
1759839214047,VALUE,0.0
1759839219042,VALUE,0.0
1759839224042,VALUE,0.0
1759839229046,VALUE,0.0
1759839234045,VALUE,0.0
1759839239041,VALUE,0.0
1759839244042,VALUE,0.0
1759839249044,VALUE,0.0
1759839254045,VALUE,0.0
1759839259040,VALUE,0.0
1759839264044,VALUE,0.0
1759839269043,VALUE,0.0
1759839274044,VALUE,0.0
1759839279044,VALUE,0.0
1759839284042,VALUE,0.0
1759839289044,VALUE,0.0
1759839294039,VALUE,0.0
1759839299042,VALUE,0.0
1759839304042,VALUE,0.0
1759839309040,VALUE,0.0
1759839314041,VALUE,0.0
1759839319042,VALUE,0.0
1759839324037,VALUE,0.0
1759839329041,VALUE,0.0
1759839334040,VALUE,0.0
1759839339038,VALUE,0.0
1759839344036,VALUE,0.0
1759839349039,VALUE,0.0
1759839354035,VALUE,0.0
1759839359036,VALUE,0.0
1759839364039,VALUE,0.0
1759839369039,VALUE,0.0
1759839374038,VALUE,0.0
1759839379036,VALUE,0.0
1759839384036,VALUE,0.0
1759839389039,VALUE,0.0
1759839394036,VALUE,0.0
1759839399036,VALUE,0.0
1759839404033,VALUE,0.0
1759839409037,VALUE,0.0
1759839414037,VALUE,0.0
1759839419036,VALUE,0.0
1759839424038,VALUE,0.0
1759839429037,VALUE,0.0
1759839434038,VALUE,0.0
1759839439037,VALUE,0.0
1759839444035,VALUE,0.0
1759839449037,VALUE,0.0
1759839454035,VALUE,0.0
1759839459031,VALUE,0.0
1759839464035,VALUE,0.0
1759839469032,VALUE,0.0
1759839474034,VALUE,0.0
1759839479029,VALUE,0.0
1759839484035,VALUE,0.0
1759839489029,VALUE,0.0
1759839494035,VALUE,0.0
1759839499037,VALUE,0.0
1759839504028,VALUE,0.0
1759839509031,VALUE,0.0
1759839514028,VALUE,0.0
1759839519032,VALUE,0.0
1759839524033,VALUE,0.0
1759839529031,VALUE,0.0
1759839534028,VALUE,0.0
1759839539027,VALUE,0.0
1759839544029,VALUE,0.0
1759839549031,VALUE,0.0
1759839554031,VALUE,0.0
1759839559035,VALUE,0.0
1759839564028,VALUE,0.0
1759839569031,VALUE,0.0
1759839574029,VALUE,0.0
1759839579030,VALUE,0.0
1759839584028,VALUE,0.0
1759839589026,VALUE,0.0
1759839594027,VALUE,0.0
1759839599027,VALUE,0.0
1759839604027,VALUE,0.0
1759839609028,VALUE,0.0
1759839614025,VALUE,0.0
1759839619029,VALUE,0.0
1759839624027,VALUE,0.0
1759839629028,VALUE,0.0
1759839634026,VALUE,0.0
1759839639023,VALUE,0.0
1759839644025,VALUE,0.0
1759839649024,VALUE,0.0
1759839654026,VALUE,0.0
1759839659025,VALUE,0.0
1759839664023,VALUE,0.0
1759839669025,VALUE,0.0
1759839674023,VALUE,0.0
1759839679021,VALUE,0.0
1759839684025,VALUE,0.0
1759839689023,VALUE,0.0
1759839694023,VALUE,0.0
1759839699020,VALUE,0.0
1759839704029,VALUE,0.0
1759839709027,VALUE,0.0
1759839714023,VALUE,0.0
1759839718972,VALUE,0.0
1759839723966,VALUE,0.0
1759839728965,VALUE,0.0
1759839733964,VALUE,0.0
1759839738964,VALUE,0.0
1759839743969,VALUE,0.0
1759839748966,VALUE,0.0
1759839753966,VALUE,0.0
1759839758966,VALUE,0.0
1759839763962,VALUE,0.0
1759839768965,VALUE,0.0
1759839773964,VALUE,0.0
1759839778962,VALUE,0.0
1759839783961,VALUE,0.0
1759839788965,VALUE,0.0
1759839793960,VALUE,0.0
1759839798962,VALUE,0.0
1759839803963,VALUE,0.0
1759839808960,VALUE,0.0
1759839813959,VALUE,0.0
1759839818957,VALUE,0.0
1759839823961,VALUE,0.0
1759839828957,VALUE,0.0
1759839833962,VALUE,0.0
1759839838959,VALUE,0.0
1759839843960,VALUE,0.0
1759839848959,VALUE,0.0
1759839853955,VALUE,0.0
1759839858956,VALUE,0.0
1759839863956,VALUE,0.0
1759839868959,VALUE,0.0
1759839873956,VALUE,0.0
1759839878954,VALUE,0.0
1759839883959,VALUE,0.0
1759839888957,VALUE,0.0
1759839893957,VALUE,0.0
1759839898953,VALUE,0.0
1759839903955,VALUE,0.0
1759839908956,VALUE,0.0
1759839913953,VALUE,0.0
1759839918953,VALUE,0.0
1759839923955,VALUE,0.0
1759839928955,VALUE,0.0
1759839933952,VALUE,0.0
1759839938953,VALUE,0.0
1759839943952,VALUE,0.0
1759839948951,VALUE,0.0
1759839953954,VALUE,0.0
1759839958949,VALUE,0.0
1759839963951,VALUE,0.0
1759839968948,VALUE,0.0
1759839973950,VALUE,0.0
1759839978953,VALUE,0.0
1759839983952,VALUE,0.0
1759839988949,VALUE,0.0
1759839993952,VALUE,0.0
1759839998951,VALUE,0.0
1759840003950,VALUE,0.0
1759840008950,VALUE,0.0
1759840013950,VALUE,0.0
1759840018949,VALUE,0.0
1759840023949,VALUE,0.0
1759840028945,VALUE,0.0
1759840033945,VALUE,0.0
1759840038949,VALUE,0.0
1759840043946,VALUE,0.0
1759840048948,VALUE,0.0
1759840053942,VALUE,0.0
1759840058947,VALUE,0.0
1759840063942,VALUE,0.0
1759840068951,VALUE,0.0
1759840073943,VALUE,0.0
1759840078944,VALUE,0.0
1759840083946,VALUE,0.0
1759840088944,VALUE,0.0
1759840093942,VALUE,0.0
1759840098948,VALUE,0.0
1759840103941,VALUE,0.0
1759840108944,VALUE,0.0
1759840113941,VALUE,0.0
1759840118940,VALUE,0.0
1759840123949,VALUE,0.0
1759840128941,VALUE,0.0
1759840133940,VALUE,0.0
1759840138943,VALUE,0.0
1759840143942,VALUE,0.0
1759840148942,VALUE,0.0
1759840153940,VALUE,0.0
1759840158937,VALUE,0.0
1759840163941,VALUE,0.0
1759840168937,VALUE,0.0
1759840173937,VALUE,0.0
1759840178940,VALUE,0.0
1759840183939,VALUE,0.0
1759840188940,VALUE,0.0
1759840193937,VALUE,0.0
1759840198940,VALUE,0.0
1759840203936,VALUE,0.0
1759840208938,VALUE,0.0
1759840213936,VALUE,0.0
1759840218939,VALUE,0.0
1759840223932,VALUE,0.0
1759840228938,VALUE,0.0
1759840233936,VALUE,0.0
1759840238934,VALUE,0.0
1759840243937,VALUE,0.0
1759840248936,VALUE,0.0
1759840253934,VALUE,0.0
1759840258933,VALUE,0.0
1759840263935,VALUE,0.0
1759840268932,VALUE,0.0
1759840273932,VALUE,0.0
1759840278935,VALUE,0.0
1759840283933,VALUE,0.0
1759840288932,VALUE,0.0
1759840293934,VALUE,0.0
1759840298929,VALUE,0.0
1759840303928,VALUE,0.0
1759840308930,VALUE,0.0
1759840313930,VALUE,0.0
1759840318932,VALUE,0.0
1759840323945,VALUE,0.0
1759840328931,VALUE,0.0
1759840333930,VALUE,0.0
1759840338930,VALUE,0.0
1759840343930,VALUE,0.0
1759840348930,VALUE,0.0
1759840353926,VALUE,0.0
1759840358926,VALUE,0.0
1759840363929,VALUE,0.0
1759840368933,VALUE,0.0
1759840373928,VALUE,0.0
1759840378944,VALUE,0.0
1759840383928,VALUE,0.0
1759840388923,VALUE,0.0
1759840393923,VALUE,0.0
1759840398923,VALUE,0.0
1759840403924,VALUE,0.0
1759840408926,VALUE,0.0
1759840413923,VALUE,0.0
1759840418929,VALUE,0.0
1759840423921,VALUE,0.0
1759840428926,VALUE,0.0
1759840433922,VALUE,0.0
1759840438925,VALUE,0.0
1759840443921,VALUE,0.0
1759840448920,VALUE,0.0
1759840453920,VALUE,0.0
1759840458923,VALUE,0.0
1759840463921,VALUE,0.0
1759840468921,VALUE,0.0
1759840473922,VALUE,0.0
1759840478919,VALUE,0.0
1759840483920,VALUE,0.0
1759840488919,VALUE,0.0
1759840493920,VALUE,0.0
1759840498922,VALUE,0.0
1759840503926,VALUE,0.0
1759840508922,VALUE,0.0
1759840513919,VALUE,0.0
1759840518919,VALUE,0.0
1759840523918,VALUE,0.0
1759840528916,VALUE,0.0
1759840533919,VALUE,0.0
1759840538924,VALUE,0.0
1759840543920,VALUE,0.0
1759840548913,VALUE,0.0
1759840553917,VALUE,0.0
1759840558914,VALUE,0.0
1759840563915,VALUE,0.0
1759840568916,VALUE,0.0
1759840573916,VALUE,0.0
1759840578916,VALUE,0.0
1759840583912,VALUE,0.0
1759840588915,VALUE,0.0
1759840593914,VALUE,0.0
1759840598915,VALUE,0.0
1759840603914,VALUE,0.0
1759840608912,VALUE,0.0
1759840613909,VALUE,0.0
1759840618915,VALUE,0.0
1759840623909,VALUE,0.0
1759840628912,VALUE,0.0
1759840633908,VALUE,0.0
1759840638910,VALUE,0.0
1759840643912,VALUE,0.0
1759840648916,VALUE,0.0
1759840653911,VALUE,0.0
1759840658910,VALUE,0.0
1759840663910,VALUE,0.0
1759840668909,VALUE,0.0
1759840673909,VALUE,0.0
1759840678789,VALUE,0.0
1759840683791,VALUE,0.0
1759840688791,VALUE,0.0
1759840693790,VALUE,0.0
1759840698786,VALUE,0.0
1759840703786,VALUE,0.0
1759840708793,VALUE,0.0
1759840713790,VALUE,0.0
1759840718788,VALUE,0.0
1759840723787,VALUE,0.0
1759840728785,VALUE,0.0
1759840733788,VALUE,0.0
1759840738788,VALUE,0.0
1759840743789,VALUE,0.0
1759840748785,VALUE,0.0
1759840753788,VALUE,0.0
1759840758783,VALUE,0.0
1759840763784,VALUE,0.0
1759840768786,VALUE,0.0
1759840773785,VALUE,0.0
1759840778783,VALUE,0.0
1759840783782,VALUE,0.0
1759840788782,VALUE,0.0
1759840793784,VALUE,0.0
1759840798786,VALUE,0.0
1759840803781,VALUE,0.0
1759840808780,VALUE,0.0
1759840813783,VALUE,0.0
1759840818783,VALUE,0.0
1759840823783,VALUE,0.0
1759840828781,VALUE,0.0
1759840833782,VALUE,0.0
1759840838779,VALUE,0.0
1759840843778,VALUE,0.0
1759840848781,VALUE,0.0
1759840853782,VALUE,0.0
1759840858781,VALUE,0.0
1759840863787,VALUE,0.0
1759840868779,VALUE,0.0
1759840873780,VALUE,0.0
1759840878778,VALUE,0.0
1759840883780,VALUE,0.0
1759840888784,VALUE,0.0
1759840893775,VALUE,0.0
1759840898782,VALUE,0.0
1759840903778,VALUE,0.0
1759840908777,VALUE,0.0
1759840913776,VALUE,0.0
1759840918776,VALUE,0.0
1759840923774,VALUE,0.0
1759840928774,VALUE,0.0
1759840933773,VALUE,0.0
1759840938773,VALUE,0.0
1759840943775,VALUE,0.0
1759840948775,VALUE,0.0
1759840953772,VALUE,0.0
1759840958778,VALUE,0.0
1759840963777,VALUE,0.0
1759840968774,VALUE,0.0
1759840973775,VALUE,0.0
1759840978782,VALUE,0.0
1759840983772,VALUE,0.0
1759840988772,VALUE,0.0
1759840993769,VALUE,0.0
1759840998773,VALUE,0.0
1759841003773,VALUE,0.0
1759841008773,VALUE,0.0
1759841013770,VALUE,0.0
1759841018773,VALUE,0.0
1759841023769,VALUE,0.0
1759841028766,VALUE,0.0
1759841033770,VALUE,0.0
1759841038775,VALUE,0.0
1759841043767,VALUE,0.0
1759841048766,VALUE,0.0
1759841053768,VALUE,0.0
1759841058766,VALUE,0.0
1759841063769,VALUE,0.0
1759841068766,VALUE,0.0
1759841073768,VALUE,0.0
1759841078768,VALUE,0.0
1759841083765,VALUE,0.0
1759841088771,VALUE,0.0
1759841093764,VALUE,0.0
1759841098767,VALUE,0.0
1759841103767,VALUE,0.0
1759841108762,VALUE,0.0
1759841113768,VALUE,0.0
1759841118766,VALUE,0.0
1759841123762,VALUE,0.0
1759841128767,VALUE,0.0
1759841133762,VALUE,0.0
1759841138766,VALUE,0.0
1759841143763,VALUE,0.0
1759841148761,VALUE,0.0
1759841153763,VALUE,0.0
1759841158768,VALUE,0.0
1759841163758,VALUE,0.0
1759841168763,VALUE,0.0
1759841173761,VALUE,0.0
1759841178758,VALUE,0.0
1759841183762,VALUE,0.0
1759841188761,VALUE,0.0
1759841193762,VALUE,0.0
1759841198764,VALUE,0.0
1759841203761,VALUE,0.0
1759841208770,VALUE,0.0
1759841213760,VALUE,0.0
1759841218761,VALUE,0.0
1759841223754,VALUE,0.0
1759841228763,VALUE,0.0
1759841233757,VALUE,0.0
1759841238760,VALUE,0.0
1759841243754,VALUE,0.0
1759841248756,VALUE,0.0
1759841253756,VALUE,0.0
1759841258754,VALUE,0.0
1759841263756,VALUE,0.0
1759841268756,VALUE,0.0
1759841273756,VALUE,0.0
1759841278756,VALUE,0.0
1759841283755,VALUE,0.0
1759841288755,VALUE,0.0
1759841293755,VALUE,0.0
1759841298750,VALUE,0.0
1759841303755,VALUE,0.0
1759841308754,VALUE,0.0
1759841313753,VALUE,0.0
1759841318751,VALUE,0.0
1759841323749,VALUE,0.0
1759841328753,VALUE,0.0
1759841333752,VALUE,0.0
1759841338749,VALUE,0.0
1759841343752,VALUE,0.0
1759841348751,VALUE,0.0
1759841353751,VALUE,0.0
1759841358747,VALUE,0.0
1759841363749,VALUE,0.0
1759841368749,VALUE,0.0
1759841373748,VALUE,0.0
1759841378748,VALUE,0.0
1759841383750,VALUE,0.0
1759841388751,VALUE,0.0
1759841393749,VALUE,0.0
1759841398750,VALUE,0.0
1759841403744,VALUE,0.0
1759841408751,VALUE,0.0
1759841413743,VALUE,0.0
1759841418748,VALUE,0.0
1759841423744,VALUE,0.0
1759841428747,VALUE,0.0
1759841433744,VALUE,0.0
1759841438752,VALUE,0.0
1759841443751,VALUE,0.0
1759841448746,VALUE,0.0
1759841453741,VALUE,0.0
1759841458745,VALUE,0.0
1759841463741,VALUE,0.0
1759841468742,VALUE,0.0
1759841473742,VALUE,0.0
1759841478741,VALUE,0.0
1759841483744,VALUE,0.0
1759841488743,VALUE,0.0
1759841493743,VALUE,0.0
1759841498745,VALUE,0.0
1759841503742,VALUE,0.0
1759841508742,VALUE,0.0
1759841513740,VALUE,0.0
1759841518742,VALUE,0.0
1759841523763,VALUE,0.0
1759841528748,VALUE,0.0
1759841533735,VALUE,0.0
1759841538740,VALUE,0.0
1759841543736,VALUE,0.0
1759841548742,VALUE,0.0
1759841553741,VALUE,0.0
1759841558740,VALUE,0.0
1759841563741,VALUE,0.0
1759841568747,VALUE,0.0
1759841573738,VALUE,0.0
1759841578734,VALUE,0.0
1759841583738,VALUE,0.0
1759841588735,VALUE,0.0
1759841593737,VALUE,0.0
1759841598737,VALUE,0.0
1759841603734,VALUE,0.0
1759841608733,VALUE,0.0
1759841613735,VALUE,0.0
1759841618735,VALUE,0.0
1759841623735,VALUE,0.0
1759841628734,VALUE,0.0
1759841633733,VALUE,0.0
1759841638730,VALUE,0.0
1759841643733,VALUE,0.0
1759841648734,VALUE,0.0
1759841653731,VALUE,0.0
1759841658732,VALUE,0.0
1759841663732,VALUE,0.0
1759841668732,VALUE,0.0
1759841673733,VALUE,0.0
1759841678729,VALUE,0.0
1759841683731,VALUE,0.0
1759841688734,VALUE,0.0
1759841693729,VALUE,0.0
1759841698731,VALUE,0.0
1759841703730,VALUE,0.0
1759841708730,VALUE,0.0
1759841713727,VALUE,0.0
1759841718728,VALUE,0.0
1759841723729,VALUE,0.0
1759841728731,VALUE,0.0
1759841733728,VALUE,0.0
1759841738725,VALUE,0.0
1759841743731,VALUE,0.0
1759841748727,VALUE,0.0
1759841753727,VALUE,0.0
1759841758727,VALUE,0.0
1759841763723,VALUE,0.0
1759841768726,VALUE,0.0
1759841773724,VALUE,0.0
1759841778727,VALUE,0.0
1759841783726,VALUE,0.0
1759841788722,VALUE,0.0
1759841793725,VALUE,0.0
1759841798754,VALUE,0.0
1759841803725,VALUE,0.0
1759841808721,VALUE,0.0
1759841813726,VALUE,0.0
1759841818723,VALUE,0.0
1759841823724,VALUE,0.0
1759841828722,VALUE,0.0
1759841833726,VALUE,0.0
1759841838755,VALUE,0.0
1759841843723,VALUE,0.0
1759841848720,VALUE,0.0
1759841853718,VALUE,0.0
1759841858722,VALUE,0.0
1759841863720,VALUE,0.0
1759841868724,VALUE,0.0
1759841873717,VALUE,0.0
1759841878716,VALUE,0.0
1759841883716,VALUE,0.0
1759841888720,VALUE,0.0
1759841893715,VALUE,0.0
1759841898720,VALUE,0.0
1759841903717,VALUE,0.0
1759841908718,VALUE,0.0
1759841913718,VALUE,0.0
1759841918714,VALUE,0.0
1759841923717,VALUE,0.0
1759841928717,VALUE,0.0
1759841933717,VALUE,0.0
1759841938716,VALUE,0.0
1759841943714,VALUE,0.0
1759841948715,VALUE,0.0
1759841953715,VALUE,0.0
1759841958712,VALUE,0.0
1759841963710,VALUE,0.0
1759841968715,VALUE,0.0
1759841973715,VALUE,0.0
1759841978714,VALUE,0.0
1759841983709,VALUE,0.0
1759841988712,VALUE,0.0
1759841993714,VALUE,0.0
1759841998709,VALUE,0.0
1759842003710,VALUE,0.0
1759842008710,VALUE,0.0
1759842013710,VALUE,0.0
1759842018710,VALUE,0.0
1759842023711,VALUE,0.0
1759842028711,VALUE,0.0
1759842033707,VALUE,0.0
1759842038711,VALUE,0.0
1759842043709,VALUE,0.0
1759842048712,VALUE,0.0
1759842053709,VALUE,0.0
1759842058710,VALUE,0.0
1759842063706,VALUE,0.0
1759842068708,VALUE,0.0
1759842073709,VALUE,0.0
1759842078708,VALUE,0.0
1759842083708,VALUE,0.0
1759842088710,VALUE,0.0
1759842093703,VALUE,0.0
1759842098706,VALUE,0.0
1759842103704,VALUE,0.0
1759842108704,VALUE,0.0
1759842113702,VALUE,0.0
1759842118706,VALUE,0.0
1759842123701,VALUE,0.0
1759842128702,VALUE,0.0
1759842133703,VALUE,0.0
1759842138703,VALUE,0.0
1759842143704,VALUE,0.0
1759842148702,VALUE,0.0
1759842153701,VALUE,0.0
1759842158699,VALUE,0.0
1759842163702,VALUE,0.0
1759842168700,VALUE,0.0
1759842173700,VALUE,0.0
1759842178703,VALUE,0.0
1759842183702,VALUE,0.0
1759842188699,VALUE,0.0
1759842193700,VALUE,0.0
1759842198701,VALUE,0.0
1759842203700,VALUE,0.0
1759842208699,VALUE,0.0
1759842213700,VALUE,0.0
1759842218699,VALUE,0.0
1759842223694,VALUE,0.0
1759842228695,VALUE,0.0
1759842233699,VALUE,0.0
1759842238698,VALUE,0.0
1759842243699,VALUE,0.0
1759842248693,VALUE,0.0
1759842253693,VALUE,0.0
1759842258695,VALUE,0.0
1759842263697,VALUE,0.0
1759842268691,VALUE,0.0
1759842273696,VALUE,0.0
1759842278693,VALUE,0.0
1759842283695,VALUE,0.0
1759842288692,VALUE,0.0
1759842293691,VALUE,0.0
1759842298690,VALUE,0.0
1759842303689,VALUE,0.0
1759842308690,VALUE,0.0
1759842313692,VALUE,0.0
1759842318692,VALUE,0.0
1759842323692,VALUE,0.0
1759842328689,VALUE,0.0
1759842333700,VALUE,0.0
1759842338694,VALUE,0.0
1759842343698,VALUE,0.0
1759842348692,VALUE,0.0
1759842353692,VALUE,0.0
1759842358688,VALUE,0.0
1759842363690,VALUE,0.0
1759842368693,VALUE,0.0
1759842373690,VALUE,0.0
1759842378688,VALUE,0.0
1759842383690,VALUE,0.0
1759842388685,VALUE,0.0
1759842393685,VALUE,0.0
1759842398684,VALUE,0.0
1759842403688,VALUE,0.0
1759842408688,VALUE,0.0
1759842413688,VALUE,0.0
1759842418684,VALUE,0.0
1759842423687,VALUE,0.0
1759842428684,VALUE,0.0
1759842433684,VALUE,0.0
1759842438683,VALUE,0.0
1759842443686,VALUE,0.0
1759842448682,VALUE,0.0
1759842453685,VALUE,0.0
1759842458685,VALUE,0.0
1759842463683,VALUE,0.0
1759842468684,VALUE,0.0
1759842473684,VALUE,0.0
1759842478683,VALUE,0.0
1759842483681,VALUE,0.0
1759842488682,VALUE,0.0
1759842493681,VALUE,0.0
1759842498681,VALUE,0.0
1759842503680,VALUE,0.0
1759842508678,VALUE,0.0
1759842513677,VALUE,0.0
1759842518686,VALUE,0.0
1759842523712,VALUE,0.0
1759842528682,VALUE,0.0
1759842533680,VALUE,0.0
1759842538680,VALUE,0.0
1759842543677,VALUE,0.0
1759842548680,VALUE,0.0
1759842553679,VALUE,0.0
1759842558678,VALUE,0.0
1759842563678,VALUE,0.0
1759842568676,VALUE,0.0
1759842573678,VALUE,0.0
1759842578677,VALUE,0.0
1759842583675,VALUE,0.0
1759842588676,VALUE,0.0
1759842593678,VALUE,0.0
1759842598935,VALUE,0.0
1759842603931,VALUE,0.0
1759842608929,VALUE,0.0
1759842613928,VALUE,0.0
1759842618925,VALUE,0.0
1759842623921,VALUE,0.0
1759842628925,VALUE,0.0
1759842633923,VALUE,0.0
1759842638924,VALUE,0.0
1759842643922,VALUE,0.0
1759842648946,VALUE,0.0
1759842653924,VALUE,0.0
1759842658927,VALUE,0.0
1759842663920,VALUE,0.0
1759842668923,VALUE,0.0
1759842673922,VALUE,0.0
1759842678924,VALUE,0.0
1759842683922,VALUE,0.0
1759842688923,VALUE,0.0
1759842693921,VALUE,0.0
1759842698922,VALUE,0.0
1759842703921,VALUE,0.0
1759842708925,VALUE,0.0
1759842713921,VALUE,0.0
1759842718924,VALUE,0.0
1759842723921,VALUE,0.0
1759842728922,VALUE,0.0
1759842733924,VALUE,0.0
1759842738921,VALUE,0.0
1759842743925,VALUE,0.0
1759842748926,VALUE,0.0
1759842753924,VALUE,0.0
1759842758921,VALUE,0.0
1759842763925,VALUE,0.0
1759842768923,VALUE,0.0
1759842773923,VALUE,0.0
1759842778924,VALUE,0.0
1759842783924,VALUE,0.0
1759842788925,VALUE,0.0
1759842793924,VALUE,0.0
1759842798925,VALUE,0.0
1759842803923,VALUE,0.0
1759842808931,VALUE,0.0
1759842813925,VALUE,0.0
1759842818926,VALUE,0.0
1759842823925,VALUE,0.0
1759842828927,VALUE,0.0
1759842833924,VALUE,0.0
1759842838945,VALUE,0.0
1759843579394,VALUE,0.0
1759843584403,VALUE,0.0
1759843589403,VALUE,0.0
1759843594417,VALUE,0.0
1759843599417,VALUE,0.0
1759843604421,VALUE,0.0
1759843609420,VALUE,0.0
1759843614423,VALUE,0.0
1759843619422,VALUE,0.0
1759843710599,VALUE,0.0
1759843715484,VALUE,0.0
1759843720483,VALUE,0.0
1759843725476,VALUE,0.0
1759843730483,VALUE,0.0
1759843735478,VALUE,0.0
1759843740482,VALUE,0.0
1759843745475,VALUE,0.0
1759843750482,VALUE,0.0
1759843755477,VALUE,0.0
1759844028940,VALUE,0.0
1759844033841,VALUE,0.0
1759844038830,VALUE,0.0
1759844043819,VALUE,0.0
1759844048828,VALUE,0.0
1759844053829,VALUE,0.0
1759844058828,VALUE,0.0
1759844063834,VALUE,0.0
1759844068829,VALUE,0.0
1759844073829,VALUE,0.0
1759844078828,VALUE,0.0
1759844083825,VALUE,0.0
1759844088827,VALUE,0.0
1759844093821,VALUE,0.0
1759844439072,VALUE,0.0
1759844444123,VALUE,0.0
1759844449075,VALUE,0.0
1759844454073,VALUE,0.0
1759844459075,VALUE,0.0
1759844464063,VALUE,0.0
1759844469073,VALUE,0.0
1759844474068,VALUE,0.0
1759844479070,VALUE,0.0
1759844484072,VALUE,0.0
1759844489073,VALUE,0.0
1759844494070,VALUE,0.0
1759844499066,VALUE,0.0
1759844504113,VALUE,0.0
1759844509083,VALUE,0.0
1759844514073,VALUE,0.0
1759844519069,VALUE,0.0
1759844524066,VALUE,0.0
1759844529070,VALUE,0.0
1759844534065,VALUE,0.0
1759844539065,VALUE,0.0
1759844544068,VALUE,0.0
1759844549068,VALUE,0.0
1759844554068,VALUE,0.0
1759844559070,VALUE,0.0
1759844564063,VALUE,0.0
1759844569069,VALUE,0.0
1759844574064,VALUE,0.0
1759844579069,VALUE,0.0
1759844584063,VALUE,0.0
1759844589064,VALUE,0.0
1759844594068,VALUE,0.0
1759844599069,VALUE,0.0
1759844604068,VALUE,0.0
1759844609064,VALUE,0.0
1759844614074,VALUE,0.0
1759844619113,VALUE,0.0
1759844624078,VALUE,0.0
1759844629066,VALUE,0.0
1759844634069,VALUE,0.0
1759844639077,VALUE,0.0
1759844644066,VALUE,0.0
1759844649068,VALUE,0.0
1759844654067,VALUE,0.0
1759844659067,VALUE,0.0
1759844664064,VALUE,0.0
1759844669064,VALUE,0.0
1759844674068,VALUE,0.0
1759844679067,VALUE,0.0
1759844684065,VALUE,0.0
1759844689065,VALUE,0.0
1759844694067,VALUE,0.0
1759844699069,VALUE,0.0
1759844704064,VALUE,0.0
1759844709067,VALUE,0.0
1759844714067,VALUE,0.0
1759844719069,VALUE,0.0
1759844724067,VALUE,0.0
1759844729068,VALUE,0.0
1759844734066,VALUE,0.0
1759844739076,VALUE,0.0
1759844744068,VALUE,0.0
1759844749068,VALUE,0.0
1759844754082,VALUE,0.0
1759844759069,VALUE,0.0
1759844764062,VALUE,0.0
1759844769068,VALUE,0.0
1759844774067,VALUE,0.0
1759844779068,VALUE,0.0
1759844784066,VALUE,0.0
1759844789067,VALUE,0.0
1759844794067,VALUE,0.0
1759844799066,VALUE,0.0
1759844804064,VALUE,0.0
1759844809069,VALUE,0.0
1759844814066,VALUE,0.0
1759844819065,VALUE,0.0
1759844824074,VALUE,0.0
1759844829069,VALUE,0.0
1759844834067,VALUE,0.0
1759844839065,VALUE,0.0
1759844844064,VALUE,0.0
1759844849076,VALUE,0.0
1759844854064,VALUE,0.0
1759844859069,VALUE,0.0
1759844864065,VALUE,0.0
1759844869062,VALUE,0.0
1759844874065,VALUE,0.0
1759844879065,VALUE,0.0
1759844884062,VALUE,0.0
1759844889063,VALUE,0.0
1759844894064,VALUE,0.0
1759844899062,VALUE,0.0
1759844904064,VALUE,0.0
1759844909066,VALUE,0.0
1759844914067,VALUE,0.0
1759844919062,VALUE,0.0
1759844924063,VALUE,0.0
1759844929066,VALUE,0.0
1759844934066,VALUE,0.0
1759844939066,VALUE,0.0
1759844944065,VALUE,0.0
1759844949066,VALUE,0.0
1759844954062,VALUE,0.0
1759844959068,VALUE,0.0
1759844964063,VALUE,0.0
1759844969067,VALUE,0.0
1759844974065,VALUE,0.0
1759844979068,VALUE,0.0
1759844984069,VALUE,0.0
1759844989068,VALUE,0.0
1759844993970,VALUE,0.0
1759844998974,VALUE,0.0
1759845003973,VALUE,0.0
1759845008968,VALUE,0.0
1759845013971,VALUE,0.0
1759845018972,VALUE,0.0
1759845023970,VALUE,0.0
1759845028968,VALUE,0.0
1759845033971,VALUE,0.0
1759845038971,VALUE,0.0
1759845043970,VALUE,0.0
1759845048968,VALUE,0.0
1759845054076,VALUE,0.0
1759845058972,VALUE,0.0
1759845063967,VALUE,0.0
1759845068971,VALUE,0.0
1759845073971,VALUE,0.0
1759845078970,VALUE,0.0
1759845083970,VALUE,0.0
1759845088968,VALUE,0.0
1759845093968,VALUE,0.0
1759845098968,VALUE,0.0
1759845103966,VALUE,0.0
1759845108965,VALUE,0.0
1759845113969,VALUE,0.0
1759845118970,VALUE,0.0
1759845123969,VALUE,0.0
1759845128969,VALUE,0.0
1759845133967,VALUE,0.0
1759845138969,VALUE,0.0
1759845143969,VALUE,0.0
1759845148968,VALUE,0.0
1759845153969,VALUE,0.0
1759845158967,VALUE,0.0
1759845163968,VALUE,0.0
1759845168968,VALUE,0.0
1759845173968,VALUE,0.0
1759845178974,VALUE,0.0
1759845183967,VALUE,0.0
1759845188967,VALUE,0.0
1759845193975,VALUE,0.0
1759845198969,VALUE,0.0
1759845203970,VALUE,0.0
1759845208966,VALUE,0.0
1759845213963,VALUE,0.0
1759845218966,VALUE,0.0
1759845223967,VALUE,0.0
1759845228966,VALUE,0.0
1759845233966,VALUE,0.0
1759845238962,VALUE,0.0
1759845243966,VALUE,0.0
1759845248968,VALUE,0.0
1759845253963,VALUE,0.0
1759845258967,VALUE,0.0
1759845263963,VALUE,0.0
1759845268967,VALUE,0.0
1759845273962,VALUE,0.0
1759845278965,VALUE,0.0
1759845283966,VALUE,0.0
1759845288962,VALUE,0.0
1759845293962,VALUE,0.0
1759845298964,VALUE,0.0
1759845303964,VALUE,0.0
1759845308961,VALUE,0.0
1759845313961,VALUE,0.0
1759845318963,VALUE,0.0
1759845323960,VALUE,0.0
1759845328964,VALUE,0.0
1759845333960,VALUE,0.0
1759845338959,VALUE,0.0
1759845343964,VALUE,0.0
1759845348962,VALUE,0.0
1759845353962,VALUE,0.0
1759845358960,VALUE,0.0
1759845363962,VALUE,0.0
1759845368961,VALUE,0.0
1759845373960,VALUE,0.0
1759845378960,VALUE,0.0
1759845383961,VALUE,0.0
1759845388964,VALUE,0.0
1759845393961,VALUE,0.0
1759845398963,VALUE,0.0
1759845403961,VALUE,0.0
1759845408958,VALUE,0.0
1759845413964,VALUE,0.0
1759845418961,VALUE,0.0
1759845423958,VALUE,0.0
1759845428959,VALUE,0.0
1759845433961,VALUE,0.0
1759845438958,VALUE,0.0
1759845443959,VALUE,0.0
1759845448963,VALUE,0.0
1759845453955,VALUE,0.0
1759845458960,VALUE,0.0
1759845463958,VALUE,0.0
1759845468958,VALUE,0.0
1759845473959,VALUE,0.0
1759845478957,VALUE,0.0
1759845483958,VALUE,0.0
1759845488956,VALUE,0.0
1759845493956,VALUE,0.0
1759845498956,VALUE,0.0
1759845503957,VALUE,0.0
1759845508959,VALUE,0.0
1759845513969,VALUE,0.0
1759845518960,VALUE,0.0
1759845523958,VALUE,0.0
1759845528960,VALUE,0.0
1759845533953,VALUE,0.0
1759845538957,VALUE,0.0
1759845543956,VALUE,0.0
1759845548955,VALUE,0.0
1759845553957,VALUE,0.0
1759845558958,VALUE,0.0
1759845563957,VALUE,0.0
1759845568957,VALUE,0.0
1759845573952,VALUE,0.0
1759845578955,VALUE,0.0
1759845583956,VALUE,0.0
1759845588954,VALUE,0.0
1759845593956,VALUE,0.0
1759845598952,VALUE,0.0
1759845603954,VALUE,0.0
1759845608954,VALUE,0.0
1759845613955,VALUE,0.0
1759845618956,VALUE,0.0
1759845623955,VALUE,0.0
1759845628953,VALUE,0.0
1759845633953,VALUE,0.0
1759845638953,VALUE,0.0
1759845643955,VALUE,0.0
1759845648954,VALUE,0.0
1759845653954,VALUE,0.0
1759845658954,VALUE,0.0
1759845663952,VALUE,0.0
1759845668953,VALUE,0.0
1759845673952,VALUE,0.0
1759845679447,VALUE,0.0
1759845683968,VALUE,0.0
1759845688956,VALUE,0.0
1759845693951,VALUE,0.0
1759845698954,VALUE,0.0
1759845703951,VALUE,0.0
1759845708952,VALUE,0.0
1759845713947,VALUE,0.0
1759845718955,VALUE,0.0
1759845723947,VALUE,0.0
1759845728951,VALUE,0.0
1759845733950,VALUE,0.0
1759845738952,VALUE,0.0
1759845743953,VALUE,0.0
1759845748951,VALUE,0.0
1759845753948,VALUE,0.0
1759845758950,VALUE,0.0
1759845763952,VALUE,0.0
1759845768952,VALUE,0.0
1759845773951,VALUE,0.0
1759845778946,VALUE,0.0
1759845783948,VALUE,0.0
1759845788950,VALUE,0.0
1759845793951,VALUE,0.0
1759845798950,VALUE,0.0
1759845803948,VALUE,0.0
1759845808945,VALUE,0.0
1759845813948,VALUE,0.0
1759845818949,VALUE,0.0
1759845823949,VALUE,0.0
1759845828948,VALUE,0.0
1759845833947,VALUE,0.0
1759845838944,VALUE,0.0
1759845843947,VALUE,0.0
1759845848945,VALUE,0.0
1759845853948,VALUE,0.0
1759845858947,VALUE,0.0
1759845863945,VALUE,0.0
1759845868947,VALUE,0.0
1759845873945,VALUE,0.0
1759845878944,VALUE,0.0
1759845883943,VALUE,0.0
1759845888945,VALUE,0.0
1759845893947,VALUE,0.0
1759845898945,VALUE,0.0
1759845903947,VALUE,0.0
1759845908947,VALUE,0.0
1759845913943,VALUE,0.0
1759845918945,VALUE,0.0
1759845923947,VALUE,0.0
1759845928946,VALUE,0.0
1759845933944,VALUE,0.0
1759845938942,VALUE,0.0
1759845943944,VALUE,0.0
1759845948944,VALUE,0.0
1759845953939,VALUE,0.0
1759845958932,VALUE,0.0
1759845963929,VALUE,0.0
1759845968928,VALUE,0.0
1759845973922,VALUE,0.0
1759845978926,VALUE,0.0
1759845983921,VALUE,0.0
1759845988917,VALUE,0.0
1759845993915,VALUE,0.0
1759845998914,VALUE,0.0
1759846003916,VALUE,0.0
1759846008917,VALUE,0.0
1759846013915,VALUE,0.0
1759846018915,VALUE,0.0
1759846023916,VALUE,0.0
1759846028911,VALUE,0.0
1759846033912,VALUE,0.0
1759846038914,VALUE,0.0
1759846043911,VALUE,0.0
1759846048912,VALUE,0.0
1759846053915,VALUE,0.0
1759846058913,VALUE,0.0
1759846063915,VALUE,0.0
1759846068914,VALUE,0.0
1759846073912,VALUE,0.0
1759846078924,VALUE,0.0
1759846083913,VALUE,0.0
1759846088909,VALUE,0.0
1759846093910,VALUE,0.0
1759846098913,VALUE,0.0
1759846103913,VALUE,0.0
1759846108916,VALUE,0.0
1759846113911,VALUE,0.0
1759846118913,VALUE,0.0
1759846123911,VALUE,0.0
1759846128912,VALUE,0.0
1759846133909,VALUE,0.0
1759846138911,VALUE,0.0
1759846143907,VALUE,0.0
1759846148911,VALUE,0.0
1759846153911,VALUE,0.0
1759846158910,VALUE,0.0
1759846163911,VALUE,0.0
1759846168907,VALUE,0.0
1759846173910,VALUE,0.0
1759846178907,VALUE,0.0
1759846183910,VALUE,0.0
1759846188910,VALUE,0.0
1759846193905,VALUE,0.0
1759846198907,VALUE,0.0
1759846203913,VALUE,0.0
1759846208912,VALUE,0.0
1759846213907,VALUE,0.0
1759846218908,VALUE,0.0
1759846223909,VALUE,0.0
1759846228913,VALUE,0.0
1759846233906,VALUE,0.0
1759846238908,VALUE,0.0
1759846243908,VALUE,0.0
1759846248906,VALUE,0.0
1759846253908,VALUE,0.0
1759846258907,VALUE,0.0
1759846263908,VALUE,0.0
1759846268907,VALUE,0.0
1759846273902,VALUE,0.0
1759846278904,VALUE,0.0
1759846283902,VALUE,0.0
1759846288906,VALUE,0.0
1759846293906,VALUE,0.0
1759846298907,VALUE,0.0
1759846303902,VALUE,0.0
1759846308906,VALUE,0.0
1759846313905,VALUE,0.0
1759846318905,VALUE,0.0
1759846323901,VALUE,0.0
1759846328901,VALUE,0.0
1759846333903,VALUE,0.0
1759846338905,VALUE,0.0
1759846343905,VALUE,0.0
1759846348904,VALUE,0.0
1759846353904,VALUE,0.0
1759846358901,VALUE,0.0
1759846363902,VALUE,0.0
1759846368902,VALUE,0.0
1759846373903,VALUE,0.0
1759846378902,VALUE,0.0
1759846383901,VALUE,0.0
1759846388903,VALUE,0.0
1759846393908,VALUE,0.0
1759846398907,VALUE,0.0
1759846403904,VALUE,0.0
1759846408905,VALUE,0.0
1759846413905,VALUE,0.0
1759846418907,VALUE,0.0
1759846423907,VALUE,0.0
1759846428904,VALUE,0.0
1759846433907,VALUE,0.0
1759846438900,VALUE,0.0
1759846443898,VALUE,0.0
1759846448906,VALUE,0.0
1759846453904,VALUE,0.0
1759846458901,VALUE,0.0
1759846463902,VALUE,0.0
1759846468905,VALUE,0.0
1759846473904,VALUE,0.0
1759846478901,VALUE,0.0
1759846483896,VALUE,0.0
1759846488906,VALUE,0.0
1759846493903,VALUE,0.0
1759846498899,VALUE,0.0
1759846503897,VALUE,0.0
1759846508898,VALUE,0.0
1759846513896,VALUE,0.0
1759846518899,VALUE,0.0
1759846523898,VALUE,0.0
1759846528900,VALUE,0.0
1759846533901,VALUE,0.0
1759846538901,VALUE,0.0
1759846543897,VALUE,0.0
1759846548900,VALUE,0.0
1759846553900,VALUE,0.0
1759846558902,VALUE,0.0
1759846563901,VALUE,0.0
1759846568901,VALUE,0.0
1759846573898,VALUE,0.0
1759846578898,VALUE,0.0
1759846583892,VALUE,0.0
1759846588919,VALUE,0.0
1759846593896,VALUE,0.0
1759846598898,VALUE,0.0
1759846603894,VALUE,0.0
1759846608894,VALUE,0.0
1759846613909,VALUE,0.0
1759846618895,VALUE,0.0
1759846623894,VALUE,0.0
1759846628895,VALUE,0.0
1759846633892,VALUE,0.0
1759846638897,VALUE,0.0
1759846643896,VALUE,0.0
1759846648894,VALUE,0.0
1759846653892,VALUE,0.0
1759846658894,VALUE,0.0
1759846663893,VALUE,0.0
1759846668889,VALUE,0.0
1759846673889,VALUE,0.0
1759846678894,VALUE,0.0
1759846683891,VALUE,0.0
1759846688890,VALUE,0.0
1759846693892,VALUE,0.0
1759846698892,VALUE,0.0
1759846703893,VALUE,0.0
1759846708891,VALUE,0.0
1759846713894,VALUE,0.0
1759846718890,VALUE,0.0
1759846723891,VALUE,0.0
1759846728892,VALUE,0.0
1759846733891,VALUE,0.0
1759846738891,VALUE,0.0
1759846743887,VALUE,0.0
1759846748889,VALUE,0.0
1759846753890,VALUE,0.0
1759846758893,VALUE,0.0
1759846763888,VALUE,0.0
1759846768887,VALUE,0.0
1759846773926,VALUE,0.0
1759846778885,VALUE,0.0
1759846783887,VALUE,0.0
1759846788889,VALUE,0.0
1759846793888,VALUE,0.0
1759846798888,VALUE,0.0
1759846803888,VALUE,0.0
1759846808888,VALUE,0.0
1759846813888,VALUE,0.0
1759846818887,VALUE,0.0
1759846823886,VALUE,0.0
1759846828884,VALUE,0.0
1759846833887,VALUE,0.0
1759846838889,VALUE,0.0
1759846843885,VALUE,0.0
1759846848886,VALUE,0.0
1759846853886,VALUE,0.0
1759846858885,VALUE,0.0
1759846863884,VALUE,0.0
1759846868885,VALUE,0.0
1759846873885,VALUE,0.0
1759846878886,VALUE,0.0
1759846883881,VALUE,0.0
1759846888885,VALUE,0.0
1759846893884,VALUE,0.0
1759846898884,VALUE,0.0
1759846903885,VALUE,0.0
1759846908887,VALUE,0.0
1759846913883,VALUE,0.0
1759846918895,VALUE,0.0
1759846923902,VALUE,0.0
1759846928907,VALUE,0.0
1759846933910,VALUE,0.0
1759846938914,VALUE,0.0
1759846943913,VALUE,0.0
1759846948914,VALUE,0.0
1759846953916,VALUE,0.0
1759846958916,VALUE,0.0
1759846963917,VALUE,0.0
1759846968914,VALUE,0.0
1759846973914,VALUE,0.0
1759846978917,VALUE,0.0
1759846983916,VALUE,0.0
1759846988915,VALUE,0.0
1759846993913,VALUE,0.0
1759846998919,VALUE,0.0
1759847003915,VALUE,0.0
1759847008916,VALUE,0.0
1759847013917,VALUE,0.0
1759847018921,VALUE,0.0
1759847023918,VALUE,0.0
1759847028922,VALUE,0.0
1759847033918,VALUE,0.0
1759847038914,VALUE,0.0
1759847043919,VALUE,0.0
1759847048918,VALUE,0.0
1759847053917,VALUE,0.0
1759847058917,VALUE,0.0
1759847063920,VALUE,0.0
1759847068918,VALUE,0.0
1759847073917,VALUE,0.0
1759847078914,VALUE,0.0
1759847083914,VALUE,0.0
1759847088915,VALUE,0.0
1759847093915,VALUE,0.0
1759847098913,VALUE,0.0
1759847103918,VALUE,0.0
1759847108914,VALUE,0.0
1759847113914,VALUE,0.0
1759847118914,VALUE,0.0
1759847123914,VALUE,0.0
1759847128910,VALUE,0.0
1759847133913,VALUE,0.0
1759847138913,VALUE,0.0
1759847143913,VALUE,0.0
1759847148913,VALUE,0.0
1759847153911,VALUE,0.0
1759847158917,VALUE,0.0
1759847163910,VALUE,0.0
1759847168913,VALUE,0.0
1759847173913,VALUE,0.0
1759847178910,VALUE,0.0
1759847183912,VALUE,0.0
1759847188912,VALUE,0.0
1759847193910,VALUE,0.0
1759847198908,VALUE,0.0
1759847203911,VALUE,0.0
1759847208910,VALUE,0.0
1759847213907,VALUE,0.0
1759847218911,VALUE,0.0
1759847223910,VALUE,0.0
1759847228911,VALUE,0.0
1759847233910,VALUE,0.0
1759847238910,VALUE,0.0
1759847243922,VALUE,0.0
1759847248912,VALUE,0.0
1759847253911,VALUE,0.0
1759847258911,VALUE,0.0
1759847263909,VALUE,0.0
1759847268910,VALUE,0.0
1759847273910,VALUE,0.0
1759847278909,VALUE,0.0
1759847283908,VALUE,0.0
1759847288908,VALUE,0.0
1759847293915,VALUE,0.0
1759847298928,VALUE,0.0
1759847303909,VALUE,0.0
1759847308908,VALUE,0.0
1759847313908,VALUE,0.0
1759847318907,VALUE,0.0
1759847323909,VALUE,0.0
1759847328906,VALUE,0.0
1759847333907,VALUE,0.0
1759847338907,VALUE,0.0
1759847343907,VALUE,0.0
1759847348906,VALUE,0.0
1759847353907,VALUE,0.0
1759847358906,VALUE,0.0
1759847363907,VALUE,0.0
1759847368906,VALUE,0.0
1759847373907,VALUE,0.0
1759847378905,VALUE,0.0
1759847383904,VALUE,0.0
1759847388907,VALUE,0.0
1759847393905,VALUE,0.0
1759847398903,VALUE,0.0
1759847403906,VALUE,0.0
1759847408906,VALUE,0.0
1759847413906,VALUE,0.0
1759847418915,VALUE,0.0
1759847423906,VALUE,0.0
1759847428905,VALUE,0.0
1759847433905,VALUE,0.0
1759847438905,VALUE,0.0
1759847443906,VALUE,0.0
1759847448905,VALUE,0.0
1759847453905,VALUE,0.0
1759847458902,VALUE,0.0
1759847463905,VALUE,0.0
1759847468900,VALUE,0.0
1759847473906,VALUE,0.0
1759847478901,VALUE,0.0
1759847483905,VALUE,0.0
1759847488904,VALUE,0.0
1759847493904,VALUE,0.0
1759847498903,VALUE,0.0
1759847503900,VALUE,0.0
1759847508903,VALUE,0.0
1759847513899,VALUE,0.0
1759847518917,VALUE,0.0
1759847523903,VALUE,0.0
1759847528903,VALUE,0.0
1759847533903,VALUE,0.0
1759847538905,VALUE,0.0
1759847543903,VALUE,0.0
1759847548902,VALUE,0.0
1759847553902,VALUE,0.0
1759847558902,VALUE,0.0
1759847563901,VALUE,0.0
1759847568899,VALUE,0.0
1759847573902,VALUE,0.0
1759847578902,VALUE,0.0
1759847583901,VALUE,0.0
1759847588901,VALUE,0.0
1759847593901,VALUE,0.0
1759847598897,VALUE,0.0
1759847603900,VALUE,0.0
1759847608899,VALUE,0.0
1759847613901,VALUE,0.0
1759847618898,VALUE,0.0
1759847623901,VALUE,0.0
1759847628898,VALUE,0.0
1759847633894,VALUE,0.0
1759847638904,VALUE,0.0
1759847643895,VALUE,0.0
1759847648901,VALUE,0.0
1759847653899,VALUE,0.0
1759847658898,VALUE,0.0
1759847663895,VALUE,0.0
1759847668899,VALUE,0.0
1759847673898,VALUE,0.0
1759847678899,VALUE,0.0
1759847683898,VALUE,0.0
1759847688894,VALUE,0.0
1759847693897,VALUE,0.0
1759847698898,VALUE,0.0
1759847703896,VALUE,0.0
1759847708899,VALUE,0.0
1759847713895,VALUE,0.0
1759847718898,VALUE,0.0
1759847723898,VALUE,0.0
1759847728897,VALUE,0.0
1759847733899,VALUE,0.0
1759847738896,VALUE,0.0
1759847743896,VALUE,0.0
1759847748895,VALUE,0.0
1759847753897,VALUE,0.0
1759847758896,VALUE,0.0
1759847763894,VALUE,0.0
1759847768896,VALUE,0.0
1759847773896,VALUE,0.0
1759847778897,VALUE,0.0
1759847783891,VALUE,0.0
1759847788895,VALUE,0.0
1759847793896,VALUE,0.0
1759847798893,VALUE,0.0
1759847803895,VALUE,0.0
1759847808892,VALUE,0.0
1759847813896,VALUE,0.0
1759847818894,VALUE,0.0
1759847823893,VALUE,0.0
1759847828895,VALUE,0.0
1759847833893,VALUE,0.0
1759847838892,VALUE,0.0
1759847843893,VALUE,0.0
1759847848895,VALUE,0.0
1759847853894,VALUE,0.0
1759847858894,VALUE,0.0
1759847863893,VALUE,0.0
1759847868893,VALUE,0.0
1759847873889,VALUE,0.0
1759847878895,VALUE,0.0
1759847883894,VALUE,0.0
1759847888893,VALUE,0.0
1759847893893,VALUE,0.0
1759847898894,VALUE,0.0
1759847903890,VALUE,0.0
1759847908893,VALUE,0.0
1759847913893,VALUE,0.0
1759847918890,VALUE,0.0
1759847923894,VALUE,0.0
1759847928896,VALUE,0.0
1759847933893,VALUE,0.0
1759847938895,VALUE,0.0
1759847943890,VALUE,0.0
1759847948890,VALUE,0.0
1759847953892,VALUE,0.0
1759847958893,VALUE,0.0
1759847963893,VALUE,0.0
1759847968891,VALUE,0.0
1759847973892,VALUE,0.0
1759847978898,VALUE,0.0
1759847983891,VALUE,0.0
1759847988893,VALUE,0.0
1759847993887,VALUE,0.0
1759847998892,VALUE,0.0
1759848003891,VALUE,0.0
1759848008890,VALUE,0.0
1759848013887,VALUE,0.0
1759848018886,VALUE,0.0
1759848023890,VALUE,0.0
1759848028890,VALUE,0.0
1759848033890,VALUE,0.0
1759848038890,VALUE,0.0
1759848043909,VALUE,0.0
1759848048903,VALUE,0.0
1759848053891,VALUE,0.0
1759848058891,VALUE,0.0
1759848063888,VALUE,0.0
1759848068888,VALUE,0.0
1759848073889,VALUE,0.0
1759848078889,VALUE,0.0
1759848083886,VALUE,0.0
1759848088890,VALUE,0.0
1759848093888,VALUE,0.0
1759848098885,VALUE,0.0
1759848103889,VALUE,0.0
1759848108887,VALUE,0.0
1759848113887,VALUE,0.0
1759848118888,VALUE,0.0
1759848123888,VALUE,0.0
1759848128887,VALUE,0.0
1759848133887,VALUE,0.0
1759848138883,VALUE,0.0
1759848143884,VALUE,0.0
1759848148890,VALUE,0.0
1759848153887,VALUE,0.0
1759848158886,VALUE,0.0
1759848163887,VALUE,0.0
1759848168883,VALUE,0.0
1759848173887,VALUE,0.0
1759848178886,VALUE,0.0
1759848183886,VALUE,0.0
1759848188883,VALUE,0.0
1759848193886,VALUE,0.0
1759848198885,VALUE,0.0
1759848203887,VALUE,0.0
1759848208887,VALUE,0.0
1759848213885,VALUE,0.0
1759848218887,VALUE,0.0
1759848223883,VALUE,0.0
1759848228886,VALUE,0.0
1759848233885,VALUE,0.0
1759848238884,VALUE,0.0
1759848243885,VALUE,0.0
1759848248885,VALUE,0.0
1759848253880,VALUE,0.0
1759848258885,VALUE,0.0
1759848263884,VALUE,0.0
1759848268884,VALUE,0.0
1759848273883,VALUE,0.0
1759848278884,VALUE,0.0
1759848283883,VALUE,0.0
1759848288892,VALUE,0.0
1759848293884,VALUE,0.0
1759848298883,VALUE,0.0
1759848303881,VALUE,0.0
1759848308881,VALUE,0.0
1759848313883,VALUE,0.0
1759848318884,VALUE,0.0
1759848323883,VALUE,0.0
1759848328883,VALUE,0.0
1759848333882,VALUE,0.0
1759848338879,VALUE,0.0
1759848343878,VALUE,0.0
1759848348882,VALUE,0.0
1759848353883,VALUE,0.0
1759848358885,VALUE,0.0
1759848363881,VALUE,0.0
1759848368882,VALUE,0.0
1759848373881,VALUE,0.0
1759848378883,VALUE,0.0
1759848383881,VALUE,0.0
1759848388879,VALUE,0.0
1759848393881,VALUE,0.0
1759848398881,VALUE,0.0
1759848403881,VALUE,0.0
1759848408877,VALUE,0.0
1759848413877,VALUE,0.0
1759848418881,VALUE,0.0
1759848423878,VALUE,0.0
1759848428878,VALUE,0.0
1759848433876,VALUE,0.0
1759848438880,VALUE,0.0
1759848443879,VALUE,0.0
1759848448875,VALUE,0.0
1759848453879,VALUE,0.0
1759848458875,VALUE,0.0
1759848463876,VALUE,0.0
1759848468877,VALUE,0.0
1759848473878,VALUE,0.0
1759848478877,VALUE,0.0
1759848483878,VALUE,0.0
1759848488877,VALUE,0.0
1759848493879,VALUE,0.0
1759848498877,VALUE,0.0
1759848503874,VALUE,0.0
1759848508879,VALUE,0.0
1759848513876,VALUE,0.0
1759848518878,VALUE,0.0
1759848523888,VALUE,0.0
1759848528891,VALUE,0.0
1759848533877,VALUE,0.0
1759848538878,VALUE,0.0
1759848543876,VALUE,0.0
1759848548874,VALUE,0.0
1759848553876,VALUE,0.0
1759848558878,VALUE,0.0
1759848563873,VALUE,0.0
1759848568877,VALUE,0.0
1759848573875,VALUE,0.0
1759848578876,VALUE,0.0
1759848583875,VALUE,0.0
1759848588873,VALUE,0.0
1759848593875,VALUE,0.0
1759848598875,VALUE,0.0
1759848603875,VALUE,0.0
1759848608876,VALUE,0.0
1759848613875,VALUE,0.0
1759848618875,VALUE,0.0
1759848623875,VALUE,0.0
1759848628873,VALUE,0.0
1759848633874,VALUE,0.0
1759848638884,VALUE,0.0
1759848643874,VALUE,0.0
1759848648876,VALUE,0.0
1759848653872,VALUE,0.0
1759848658886,VALUE,0.0
1759848663874,VALUE,0.0
1759848668871,VALUE,0.0
1759848673874,VALUE,0.0
1759848678873,VALUE,0.0
1759848683870,VALUE,0.0
1759848688873,VALUE,0.0
1759848693875,VALUE,0.0
1759848698869,VALUE,0.0
1759848703869,VALUE,0.0
1759848708872,VALUE,0.0
1759848713872,VALUE,0.0
1759848718873,VALUE,0.0
1759848723871,VALUE,0.0
1759848728872,VALUE,0.0
1759848733873,VALUE,0.0
1759848738867,VALUE,0.0
1759848743868,VALUE,0.0
1759848748868,VALUE,0.0
1759848753869,VALUE,0.0
1759848758866,VALUE,0.0
1759848763870,VALUE,0.0
1759848768870,VALUE,0.0
1759848773867,VALUE,0.0
1759848778869,VALUE,0.0
1759848783868,VALUE,0.0
1759848788871,VALUE,0.0
1759848793870,VALUE,0.0
1759848798871,VALUE,0.0
1759848803867,VALUE,0.0
1759848808869,VALUE,0.0
1759848813868,VALUE,0.0
1759848818868,VALUE,0.0
1759848823868,VALUE,0.0
1759848828866,VALUE,0.0
1759848833868,VALUE,0.0
1759848838865,VALUE,0.0
1759848843863,VALUE,0.0
1759848848862,VALUE,0.0
1759848853861,VALUE,0.0
1759848858862,VALUE,0.0
1759848863859,VALUE,0.0
1759848868859,VALUE,0.0
1759848873858,VALUE,0.0
1759848878858,VALUE,0.0
1759848883855,VALUE,0.0
1759848888858,VALUE,0.0
1759848893856,VALUE,0.0
1759848898854,VALUE,0.0
1759848903858,VALUE,0.0
1759848908854,VALUE,0.0
1759848913853,VALUE,0.0
1759848918856,VALUE,0.0
1759848923853,VALUE,0.0
1759848928856,VALUE,0.0
1759848933853,VALUE,0.0
1759848938858,VALUE,0.0
1759848943857,VALUE,0.0
1759848948853,VALUE,0.0
1759848953855,VALUE,0.0
1759848958864,VALUE,0.0
1759848963858,VALUE,0.0
1759848968855,VALUE,0.0
1759848973852,VALUE,0.0
1759848978852,VALUE,0.0
1759848983856,VALUE,0.0
1759848988852,VALUE,0.0
1759848993856,VALUE,0.0
1759848998851,VALUE,0.0
1759849003855,VALUE,0.0
1759849008854,VALUE,0.0
1759849013854,VALUE,0.0
1759849018855,VALUE,0.0
1759849023851,VALUE,0.0
1759849028850,VALUE,0.0
1759849033850,VALUE,0.0
1759849038854,VALUE,0.0
1759849043851,VALUE,0.0
1759849048854,VALUE,0.0
1759849053854,VALUE,0.0
1759849058850,VALUE,0.0
1759849063853,VALUE,0.0
1759849068855,VALUE,0.0
1759849073849,VALUE,0.0
1759849078853,VALUE,0.0
1759849083848,VALUE,0.0
1759849088847,VALUE,0.0
1759849093852,VALUE,0.0
1759849098857,VALUE,0.0
1759849103848,VALUE,0.0
1759849108850,VALUE,0.0
1759849113847,VALUE,0.0
1759849118851,VALUE,0.0
1759849123850,VALUE,0.0
1759849128848,VALUE,0.0
1759849133847,VALUE,0.0
1759849138846,VALUE,0.0
1759849143851,VALUE,0.0
1759849148850,VALUE,0.0
1759849153846,VALUE,0.0
1759849158848,VALUE,0.0
1759849163850,VALUE,0.0
1759849168849,VALUE,0.0
1759849173846,VALUE,0.0
1759849178848,VALUE,0.0
1759849183849,VALUE,0.0
1759849188846,VALUE,0.0
1759849193849,VALUE,0.0
1759849198849,VALUE,0.0
1759849203850,VALUE,0.0
1759849208849,VALUE,0.0
1759849213845,VALUE,0.0
1759849218848,VALUE,0.0
1759849223848,VALUE,0.0
1759849228848,VALUE,0.0
1759849233847,VALUE,0.0
1759849238847,VALUE,0.0
1759849243845,VALUE,0.0
1759849248845,VALUE,0.0
1759849253844,VALUE,0.0
1759849258845,VALUE,0.0
1759849263847,VALUE,0.0
1759849268847,VALUE,0.0
1759849273844,VALUE,0.0
1759849278845,VALUE,0.0
1759849283846,VALUE,0.0
1759849288841,VALUE,0.0
1759849293846,VALUE,0.0
1759849298846,VALUE,0.0
1759849303841,VALUE,0.0
1759849308848,VALUE,0.0
1759849313844,VALUE,0.0
1759849318849,VALUE,0.0
1759849323841,VALUE,0.0
1759849328842,VALUE,0.0
1759849333844,VALUE,0.0
1759849338846,VALUE,0.0
1759849343842,VALUE,0.0
1759849348845,VALUE,0.0
1759849353845,VALUE,0.0
1759849358841,VALUE,0.0
1759849363840,VALUE,0.0
1759849368842,VALUE,0.0
1759849373843,VALUE,0.0
1759849378839,VALUE,0.0
1759849383845,VALUE,0.0
1759849388840,VALUE,0.0
1759849393839,VALUE,0.0
1759849398844,VALUE,0.0
1759849403841,VALUE,0.0
1759849408840,VALUE,0.0
1759849413843,VALUE,0.0
1759849418838,VALUE,0.0
1759849423839,VALUE,0.0
1759849428839,VALUE,0.0
1759849433842,VALUE,0.0
1759849438839,VALUE,0.0
1759849443843,VALUE,0.0
1759849448838,VALUE,0.0
1759849453843,VALUE,0.0
1759849458842,VALUE,0.0
1759849463839,VALUE,0.0
1759849468845,VALUE,0.0
1759849473841,VALUE,0.0
1759849478838,VALUE,0.0
1759849483841,VALUE,0.0
1759849488840,VALUE,0.0
1759849493841,VALUE,0.0
1759849498839,VALUE,0.0
1759849503839,VALUE,0.0
1759849508840,VALUE,0.0
1759849513848,VALUE,0.0
1759849518843,VALUE,0.0
1759849523837,VALUE,0.0
1759849528837,VALUE,0.0
1759849533840,VALUE,0.0
1759849538836,VALUE,0.0
1759849543837,VALUE,0.0
1759849548840,VALUE,0.0
1759849553835,VALUE,0.0
1759849558836,VALUE,0.0
1759849563839,VALUE,0.0
1759849568839,VALUE,0.0
1759849573840,VALUE,0.0
1759849578844,VALUE,0.0
1759849583832,VALUE,0.0
1759849588836,VALUE,0.0
1759849593837,VALUE,0.0
1759849598838,VALUE,0.0
1759849603884,VALUE,0.0
1759849608848,VALUE,0.0
1759849613837,VALUE,0.0
1759849618839,VALUE,0.0
1759849623835,VALUE,0.0
1759849628836,VALUE,0.0
1759849633836,VALUE,0.0
1759849638836,VALUE,0.0
1759849643837,VALUE,0.0
1759849648841,VALUE,0.0
1759849653837,VALUE,0.0
1759849658837,VALUE,0.0
1759849663833,VALUE,0.0
1759849668835,VALUE,0.0
1759849673837,VALUE,0.0
1759849678838,VALUE,0.0
1759849683835,VALUE,0.0
1759849688834,VALUE,0.0
1759849693830,VALUE,0.0
1759849698829,VALUE,0.0
1759849703832,VALUE,0.0
1759849708834,VALUE,0.0
1759849713832,VALUE,0.0
1759849718829,VALUE,0.0
1759849723834,VALUE,0.0
1759849728835,VALUE,0.0
1759849733829,VALUE,0.0
1759849738834,VALUE,0.0
1759849743833,VALUE,0.0
1759849748832,VALUE,0.0
1759849753831,VALUE,0.0
1759849758832,VALUE,0.0
1759849763829,VALUE,0.0
1759849768829,VALUE,0.0
1759849773832,VALUE,0.0
1759849778828,VALUE,0.0
1759849783834,VALUE,0.0
1759849788830,VALUE,0.0
1759849793828,VALUE,0.0
1759849798825,VALUE,0.0
1759849803826,VALUE,0.0
1759849808821,VALUE,0.0
1759849813825,VALUE,0.0
1759849818820,VALUE,0.0
1759849823821,VALUE,0.0
1759849828822,VALUE,0.0
1759849833819,VALUE,0.0
1759849838819,VALUE,0.0
1759849843821,VALUE,0.0
1759849848825,VALUE,0.0
1759849853815,VALUE,0.0
1759849858816,VALUE,0.0
1759849863816,VALUE,0.0
1759849868817,VALUE,0.0
1759849873815,VALUE,0.0
1759849878822,VALUE,0.0
1759849883816,VALUE,0.0
1759849888819,VALUE,0.0
1759849893817,VALUE,0.0
1759849898814,VALUE,0.0
1759849903818,VALUE,0.0
1759849908816,VALUE,0.0
1759849913816,VALUE,0.0
1759849918818,VALUE,0.0
1759849923812,VALUE,0.0
1759849928817,VALUE,0.0
1759849933817,VALUE,0.0
1759849938816,VALUE,0.0
1759849943817,VALUE,0.0
1759849948813,VALUE,0.0
1759849953815,VALUE,0.0
1759849958812,VALUE,0.0
1759849963816,VALUE,0.0
1759849968814,VALUE,0.0
1759849973811,VALUE,0.0
1759849978816,VALUE,0.0
1759849983815,VALUE,0.0
1759849988812,VALUE,0.0
1759849993814,VALUE,0.0
1759849998813,VALUE,0.0
1759850003815,VALUE,0.0
1759850008810,VALUE,0.0
1759850013814,VALUE,0.0
1759850018811,VALUE,0.0
1759850023810,VALUE,0.0
1759850028818,VALUE,0.0
1759850033810,VALUE,0.0
1759850038814,VALUE,0.0
1759850043814,VALUE,0.0
1759850048813,VALUE,0.0
1759850053813,VALUE,0.0
1759850058810,VALUE,0.0
1759850063813,VALUE,0.0
1759850068812,VALUE,0.0
1759850073811,VALUE,0.0
1759850078811,VALUE,0.0
1759850083809,VALUE,0.0
1759850088812,VALUE,0.0
1759850093810,VALUE,0.0
1759850098807,VALUE,0.0
1759850103810,VALUE,0.0
1759850108809,VALUE,0.0
1759850113808,VALUE,0.0
1759850118811,VALUE,0.0
1759850123807,VALUE,0.0
1759850128807,VALUE,0.0
1759850133811,VALUE,0.0
1759850138809,VALUE,0.0
1759850143808,VALUE,0.0
1759850148808,VALUE,0.0
1759850153807,VALUE,0.0
1759850158811,VALUE,0.0
1759850163808,VALUE,0.0
1759850168810,VALUE,0.0
1759850173808,VALUE,0.0
1759850178811,VALUE,0.0
1759850183808,VALUE,0.0
1759850188823,VALUE,0.0
1759850193811,VALUE,0.0
1759850198804,VALUE,0.0
1759850203809,VALUE,0.0
1759850208808,VALUE,0.0
1759850213804,VALUE,0.0
1759850218803,VALUE,0.0
1759850223809,VALUE,0.0
1759850228806,VALUE,0.0
1759850233807,VALUE,0.0
1759850238804,VALUE,0.0
1759850243807,VALUE,0.0
1759850248807,VALUE,0.0
1759850253802,VALUE,0.0
1759850258803,VALUE,0.0
1759850263803,VALUE,0.0
1759850268804,VALUE,0.0
1759850273807,VALUE,0.0
1759850278804,VALUE,0.0
1759850283804,VALUE,0.0
1759850288802,VALUE,0.0
1759850293804,VALUE,0.0
1759850298806,VALUE,0.0
1759850303801,VALUE,0.0
1759850308806,VALUE,0.0
1759850313805,VALUE,0.0
1759850318803,VALUE,0.0
1759850323802,VALUE,0.0
1759850328804,VALUE,0.0
1759850333802,VALUE,0.0
1759850338801,VALUE,0.0
1759850343803,VALUE,0.0
1759850348805,VALUE,0.0
1759850353802,VALUE,0.0
1759850358802,VALUE,0.0
1759850363802,VALUE,0.0
1759850368803,VALUE,0.0
1759850373803,VALUE,0.0
1759850378803,VALUE,0.0
1759850383798,VALUE,0.0
1759850388804,VALUE,0.0
1759850393803,VALUE,0.0
1759850398798,VALUE,0.0
1759850403799,VALUE,0.0
1759850408798,VALUE,0.0
1759850413802,VALUE,0.0
1759850418802,VALUE,0.0
1759850423799,VALUE,0.0
1759850428802,VALUE,0.0
1759850433801,VALUE,0.0
1759850438797,VALUE,0.0
1759850443796,VALUE,0.0
1759850448797,VALUE,0.0
1759850453799,VALUE,0.0
1759850458799,VALUE,0.0
1759850463798,VALUE,0.0
1759850468802,VALUE,0.0
1759850473811,VALUE,0.0
1759850478798,VALUE,0.0
1759850483799,VALUE,0.0
1759850488799,VALUE,0.0
1759850493794,VALUE,0.0
1759850498798,VALUE,0.0
1759850503801,VALUE,0.0
1759850508800,VALUE,0.0
1759850513801,VALUE,0.0
1759850518802,VALUE,0.0
1759850523799,VALUE,0.0
1759850528797,VALUE,0.0
1759850533797,VALUE,0.0
1759850538798,VALUE,0.0
1759850543796,VALUE,0.0
1759850548797,VALUE,0.0
1759850553797,VALUE,0.0
1759850558797,VALUE,0.0
1759850563797,VALUE,0.0
1759850568799,VALUE,0.0
1759850573792,VALUE,0.0
1759850578795,VALUE,0.0
1759850583794,VALUE,0.0
1759850588796,VALUE,0.0
1759850593797,VALUE,0.0
1759850598793,VALUE,0.0
1759850603792,VALUE,0.0
1759850608796,VALUE,0.0
1759850613795,VALUE,0.0
1759850618796,VALUE,0.0
1759850623793,VALUE,0.0
1759850628795,VALUE,0.0
1759850633791,VALUE,0.0
1759850638794,VALUE,0.0
1759850643794,VALUE,0.0
1759850648790,VALUE,0.0
1759850653792,VALUE,0.0
1759850658791,VALUE,0.0
1759850663792,VALUE,0.0
1759850668791,VALUE,0.0
1759850673793,VALUE,0.0
1759850678795,VALUE,0.0
1759850683793,VALUE,0.0
1759850688792,VALUE,0.0
1759850693794,VALUE,0.0
1759850698792,VALUE,0.0
1759850703793,VALUE,0.0
1759850708792,VALUE,0.0
1759850713792,VALUE,0.0
1759850718790,VALUE,0.0
1759850723789,VALUE,0.0
1759850728791,VALUE,0.0
1759850733792,VALUE,0.0
1759850738787,VALUE,0.0
1759850743792,VALUE,0.0
1759850748790,VALUE,0.0
1759850753791,VALUE,0.0
1759850758796,VALUE,0.0
1759850763791,VALUE,0.0
1759850768791,VALUE,0.0
1759850773787,VALUE,0.0
1759850778790,VALUE,0.0
1759850783788,VALUE,0.0
1759850788787,VALUE,0.0
1759850793789,VALUE,0.0
1759850798786,VALUE,0.0
1759850803788,VALUE,0.0
1759850808786,VALUE,0.0
1759850813785,VALUE,0.0
1759850818787,VALUE,0.0
1759850823787,VALUE,0.0
1759850828787,VALUE,0.0
1759850833785,VALUE,0.0
1759850838787,VALUE,0.0
1759850843787,VALUE,0.0
1759850848791,VALUE,0.0
1759850853787,VALUE,0.0
1759850858788,VALUE,0.0
1759850863789,VALUE,0.0
1759850868785,VALUE,0.0
1759850873784,VALUE,0.0
1759850878787,VALUE,0.0
1759850883784,VALUE,0.0
1759850888785,VALUE,0.0
1759850893786,VALUE,0.0
1759850898787,VALUE,0.0
1759850903785,VALUE,0.0
1759850908787,VALUE,0.0
1759850913786,VALUE,0.0
1759850918783,VALUE,0.0
1759850923787,VALUE,0.0
1759850928787,VALUE,0.0
1759850933786,VALUE,0.0
1759850938782,VALUE,0.0
1759850943776,VALUE,0.0
1759850948771,VALUE,0.0
1759850953769,VALUE,0.0
1759850958767,VALUE,0.0
1759850963771,VALUE,0.0
1759850968766,VALUE,0.0
1759850973765,VALUE,0.0
1759850978765,VALUE,0.0
1759850983767,VALUE,0.0
1759850988764,VALUE,0.0
1759850993765,VALUE,0.0
1759850998764,VALUE,0.0
1759851003766,VALUE,0.0
1759851008770,VALUE,0.0
1759851013767,VALUE,0.0
1759851018767,VALUE,0.0
1759851023765,VALUE,0.0
1759851028761,VALUE,0.0
1759851033762,VALUE,0.0
1759851038764,VALUE,0.0
1759851043764,VALUE,0.0
1759851048761,VALUE,0.0
1759851053766,VALUE,0.0
1759851058761,VALUE,0.0
1759851063762,VALUE,0.0
1759851068762,VALUE,0.0
1759851073765,VALUE,0.0
1759851078765,VALUE,0.0
1759851083762,VALUE,0.0
1759851088760,VALUE,0.0
1759851093761,VALUE,0.0
1759851098764,VALUE,0.0
1759851103763,VALUE,0.0
1759851108759,VALUE,0.0
1759851113763,VALUE,0.0
1759851118761,VALUE,0.0
1759851123764,VALUE,0.0
1759851128764,VALUE,0.0
1759851133758,VALUE,0.0
1759851138765,VALUE,0.0
1759851143763,VALUE,0.0
1759851148757,VALUE,0.0
1759851153763,VALUE,0.0
1759851158757,VALUE,0.0
1759851163758,VALUE,0.0
1759851168759,VALUE,0.0
1759851173758,VALUE,0.0
1759851178760,VALUE,0.0
1759851183760,VALUE,0.0
1759851188759,VALUE,0.0
1759851193759,VALUE,0.0
1759851198760,VALUE,0.0
1759851203760,VALUE,0.0
1759851208756,VALUE,0.0
1759851213758,VALUE,0.0
1759851218756,VALUE,0.0
1759851223758,VALUE,0.0
1759851228757,VALUE,0.0
1759851233757,VALUE,0.0
1759851238758,VALUE,0.0
1759851243757,VALUE,0.0
1759851248758,VALUE,0.0
1759851253758,VALUE,0.0
1759851258756,VALUE,0.0
1759851263757,VALUE,0.0
1759851268757,VALUE,0.0
1759851273753,VALUE,0.0
1759851278757,VALUE,0.0
1759851283757,VALUE,0.0
1759851288755,VALUE,0.0
1759851293756,VALUE,0.0
1759851298755,VALUE,0.0
1759851303755,VALUE,0.0
1759851308752,VALUE,0.0
1759851313752,VALUE,0.0
1759851318753,VALUE,0.0
1759851323758,VALUE,0.0
1759851328755,VALUE,0.0
1759851333762,VALUE,0.0
1759851338752,VALUE,0.0
1759851343752,VALUE,0.0
1759851348755,VALUE,0.0
1759851353753,VALUE,0.0
1759851358760,VALUE,0.0
1759851363752,VALUE,0.0
1759851368753,VALUE,0.0
1759851373758,VALUE,0.0
1759851378752,VALUE,0.0
1759851383757,VALUE,0.0
1759851388756,VALUE,0.0
1759851393757,VALUE,0.0
1759851398751,VALUE,0.0
1759851403756,VALUE,0.0
1759851408756,VALUE,0.0
1759851413749,VALUE,0.0
1759851418755,VALUE,0.0
1759851423755,VALUE,0.0
1759851428748,VALUE,0.0
1759851433756,VALUE,0.0
1759851438748,VALUE,0.0
1759851443755,VALUE,0.0
1759851448749,VALUE,0.0
1759851453755,VALUE,0.0
1759851458756,VALUE,0.0
1759851463757,VALUE,0.0
1759851468746,VALUE,0.0
1759851473751,VALUE,0.0
1759851478746,VALUE,0.0
1759851483751,VALUE,0.0
1759851488757,VALUE,0.0
1759851493755,VALUE,0.0
1759851498753,VALUE,0.0
1759851503747,VALUE,0.0
1759851508747,VALUE,0.0
1759851513748,VALUE,0.0
1759851518747,VALUE,0.0
1759851523746,VALUE,0.0
1759851528749,VALUE,0.0
1759851533747,VALUE,0.0
1759851538748,VALUE,0.0
1759851543758,VALUE,0.0
1759851548751,VALUE,0.0
1759851553744,VALUE,0.0
1759851558743,VALUE,0.0
1759851563744,VALUE,0.0
1759851568745,VALUE,0.0
1759851573745,VALUE,0.0
1759851578746,VALUE,0.0
1759851583748,VALUE,0.0
1759851588747,VALUE,0.0
1759851593742,VALUE,0.0
1759851598745,VALUE,0.0
1759851603747,VALUE,0.0
1759851608742,VALUE,0.0
1759851613741,VALUE,0.0
1759851618741,VALUE,0.0
1759851623745,VALUE,0.0
1759851628744,VALUE,0.0
1759851633746,VALUE,0.0
1759851638744,VALUE,0.0
1759851643745,VALUE,0.0
1759851648743,VALUE,0.0
1759851653744,VALUE,0.0
1759851658740,VALUE,0.0
1759851663740,VALUE,0.0
1759851668741,VALUE,0.0
1759851673741,VALUE,0.0
1759851678741,VALUE,0.0
1759851683743,VALUE,0.0
1759851688743,VALUE,0.0
1759851693743,VALUE,0.0
1759851698739,VALUE,0.0
1759851703742,VALUE,0.0
1759851708743,VALUE,0.0
1759851713742,VALUE,0.0
1759851718741,VALUE,0.0
1759851723751,VALUE,0.0
1759851728751,VALUE,0.0
1759851733742,VALUE,0.0
1759851738742,VALUE,0.0
1759851743741,VALUE,0.0
1759851748741,VALUE,0.0
1759851753739,VALUE,0.0
1759851758737,VALUE,0.0
1759851763738,VALUE,0.0
1759851768741,VALUE,0.0
1759851773740,VALUE,0.0
1759851778737,VALUE,0.0
1759851783740,VALUE,0.0
1759851788738,VALUE,0.0
1759851793735,VALUE,0.0
1759851798738,VALUE,0.0
1759851803739,VALUE,0.0
1759851808739,VALUE,0.0
1759851813734,VALUE,0.0
1759851818734,VALUE,0.0
1759851823737,VALUE,0.0
1759851828738,VALUE,0.0
1759851833737,VALUE,0.0
1759851838738,VALUE,0.0
1759851843738,VALUE,0.0
1759851848734,VALUE,0.0
1759851853736,VALUE,0.0
1759851858734,VALUE,0.0
1759851863736,VALUE,0.0
1759851868734,VALUE,0.0
1759851873733,VALUE,0.0
1759851878736,VALUE,0.0
1759851883732,VALUE,0.0
1759851888736,VALUE,0.0
1759851893733,VALUE,0.0
1759851898726,VALUE,0.0
1759851903718,VALUE,0.0
1759851908715,VALUE,0.0
1759851913707,VALUE,0.0
1759851918705,VALUE,0.0
1759851923704,VALUE,0.0
1759851928704,VALUE,0.0
1759851933699,VALUE,0.0
1759851938698,VALUE,0.0
1759851943695,VALUE,0.0
1759851948701,VALUE,0.0
1759851953699,VALUE,0.0
1759851958697,VALUE,0.0
1759851963697,VALUE,0.0
1759851968694,VALUE,0.0
1759851973694,VALUE,0.0
1759851978695,VALUE,0.0
1759851983694,VALUE,0.0
1759851988693,VALUE,0.0
1759851993696,VALUE,0.0
1759851998696,VALUE,0.0
1759852003696,VALUE,0.0
1759852008696,VALUE,0.0
1759852013694,VALUE,0.0
1759852018694,VALUE,0.0
1759852023694,VALUE,0.0
1759852028696,VALUE,0.0
1759852033691,VALUE,0.0
1759852038695,VALUE,0.0
1759852043694,VALUE,0.0
1759852048695,VALUE,0.0
1759852053694,VALUE,0.0
1759852058694,VALUE,0.0
1759852063693,VALUE,0.0
1759852068698,VALUE,0.0
1759852073694,VALUE,0.0
1759852078692,VALUE,0.0
1759852083690,VALUE,0.0
1759852088695,VALUE,0.0
1759852093691,VALUE,0.0
1759852098695,VALUE,0.0
1759852103688,VALUE,0.0
1759852108688,VALUE,0.0
1759852113688,VALUE,0.0
1759852118693,VALUE,0.0
1759852123688,VALUE,0.0
1759852128691,VALUE,0.0
1759852133686,VALUE,0.0
1759852138686,VALUE,0.0
1759852143686,VALUE,0.0
1759852148687,VALUE,0.0
1759852153687,VALUE,0.0
1759852158690,VALUE,0.0
1759852163689,VALUE,0.0
1759852168687,VALUE,0.0
1759852173689,VALUE,0.0
1759852178689,VALUE,0.0
1759852183690,VALUE,0.0
1759852188690,VALUE,0.0
1759852193689,VALUE,0.0
1759852198688,VALUE,0.0
1759852203686,VALUE,0.0
1759852208686,VALUE,0.0
1759852213688,VALUE,0.0
1759852218686,VALUE,0.0
1759852223687,VALUE,0.0
1759852228686,VALUE,0.0
1759852233684,VALUE,0.0
1759852238684,VALUE,0.0
1759852243686,VALUE,0.0
1759852248684,VALUE,0.0
1759852253682,VALUE,0.0
1759852258683,VALUE,0.0
1759852263684,VALUE,0.0
1759852268687,VALUE,0.0
1759852273682,VALUE,0.0
1759852278683,VALUE,0.0
1759852283681,VALUE,0.0
1759852288681,VALUE,0.0
1759852293683,VALUE,0.0
1759852298682,VALUE,0.0
1759852303684,VALUE,0.0
1759852308681,VALUE,0.0
1759852313680,VALUE,0.0
1759852318683,VALUE,0.0
1759852323684,VALUE,0.0
1759852328683,VALUE,0.0
1759852333679,VALUE,0.0
1759852338679,VALUE,0.0
1759852343678,VALUE,0.0
1759852348679,VALUE,0.0
1759852353681,VALUE,0.0
1759852358681,VALUE,0.0
1759852363681,VALUE,0.0
1759852368677,VALUE,0.0
1759852373676,VALUE,0.0
1759852378681,VALUE,0.0
1759852383681,VALUE,0.0
1759852388680,VALUE,0.0
1759852393676,VALUE,0.0
1759852398680,VALUE,0.0
1759852403680,VALUE,0.0
1759852408680,VALUE,0.0
1759852413679,VALUE,0.0
1759852418679,VALUE,0.0
1759852423674,VALUE,0.0
1759852428676,VALUE,0.0
1759852433677,VALUE,0.0
1759852438677,VALUE,0.0
1759852443675,VALUE,0.0
1759852448674,VALUE,0.0
1759852453673,VALUE,0.0
1759852458676,VALUE,0.0
1759852463675,VALUE,0.0
1759852468672,VALUE,0.0
1759852473673,VALUE,0.0
1759852478673,VALUE,0.0
1759852483676,VALUE,0.0
1759852488676,VALUE,0.0
1759852603386,VALUE,0.0
1759852607704,VALUE,0.0
1759852612690,VALUE,0.0
1759852617683,VALUE,0.0
1759852622687,VALUE,0.0
1759852627682,VALUE,0.0
1759852632686,VALUE,0.0
1759852637684,VALUE,0.0
1759852642678,VALUE,0.0
1759852647676,VALUE,0.0
1759852659853,VALUE,0.0
1759852664855,VALUE,0.0
1759852669856,VALUE,0.0
1759852674853,VALUE,0.0
1759852679852,VALUE,0.0
1759852684857,VALUE,0.0
1759852689855,VALUE,0.0
1759852694856,VALUE,0.0
1759852699854,VALUE,0.0
1759852928056,VALUE,0.0
1759852932960,VALUE,0.0
1759852937952,VALUE,0.0
1759852942958,VALUE,0.0
1759852947953,VALUE,0.0
1759852952956,VALUE,0.0
1759852957958,VALUE,0.0
1759852962958,VALUE,0.0
1759852967951,VALUE,0.0
1759852972956,VALUE,0.0
1759853100893,VALUE,0.0
1759853105888,VALUE,0.0
1759853110894,VALUE,0.0
1759853115890,VALUE,0.0
1759853120886,VALUE,0.0
1759853125893,VALUE,0.0
1759853130885,VALUE,0.0
1759853135885,VALUE,0.0
1759853140886,VALUE,0.0
1759853159700,VALUE,0.0
1759853164707,VALUE,0.0
1759853169701,VALUE,0.0
1759853174704,VALUE,0.0
1759853179696,VALUE,0.0
1759853184695,VALUE,0.0
1759853189696,VALUE,0.0
1759853194703,VALUE,0.0
1759853199703,VALUE,0.0
1759853204697,VALUE,0.0
1759853209695,VALUE,0.0
1759854171865,VALUE,0.0
1759854575620,VALUE,0.0
1759854580620,VALUE,0.0
1759854585626,VALUE,0.0
1759854590620,VALUE,0.0
1759854595625,VALUE,0.0
1759854600624,VALUE,0.0
1759854605624,VALUE,0.0
1759854610622,VALUE,0.0
1759854615625,VALUE,0.0
1759854665675,VALUE,0.0
1759854670681,VALUE,0.0
1759854675679,VALUE,0.0
1759854680674,VALUE,0.0
1759854685677,VALUE,0.0
1759854690677,VALUE,0.0
1759854695675,VALUE,0.0
1759854700682,VALUE,0.0
1759854705682,VALUE,0.0
1759854710679,VALUE,0.0
1759855046828,VALUE,0.0
1759855051811,VALUE,0.0
1759855056807,VALUE,0.0
1759855061806,VALUE,0.0
1759855066806,VALUE,0.0
1759855071804,VALUE,0.0
1759855076809,VALUE,0.0
1759855081802,VALUE,0.0
1759855086807,VALUE,0.0
1759855091803,VALUE,0.0
1759855096805,VALUE,0.0
1759855101802,VALUE,0.0
1759855106800,VALUE,0.0
1759855111801,VALUE,0.0
1759855116805,VALUE,0.0
1759855121801,VALUE,0.0
1759855126802,VALUE,0.0
1759855131803,VALUE,0.0
1759855136800,VALUE,0.0
1759855141800,VALUE,0.0
1759855146802,VALUE,0.0
1759855151799,VALUE,0.0
1759855156799,VALUE,0.0
1759855161801,VALUE,0.0
1759855166801,VALUE,0.0
1759855171801,VALUE,0.0
1759855176800,VALUE,0.0
1759855181800,VALUE,0.0
1759855186800,VALUE,0.0
1759855191799,VALUE,0.0
1759855196800,VALUE,0.0
1759855201797,VALUE,0.0
1759855206800,VALUE,0.0
1759855211799,VALUE,0.0
1759855216796,VALUE,0.0
1759855221796,VALUE,0.0
1759855226796,VALUE,0.0
1759855231795,VALUE,0.0
1759855236798,VALUE,0.0
1759855241796,VALUE,0.0
1759855246796,VALUE,0.0
1759855251795,VALUE,0.0
1759855256793,VALUE,0.0
1759855261794,VALUE,0.0
1759855266795,VALUE,0.0
1759855271796,VALUE,0.0
1759855276794,VALUE,0.0
1759855281794,VALUE,0.0
1759855286793,VALUE,0.0
1759855291795,VALUE,0.0
1759855296792,VALUE,0.0
1759855301794,VALUE,0.0
1759855306790,VALUE,0.0
1759855311794,VALUE,0.0
1759855316793,VALUE,0.0
1759855321793,VALUE,0.0
1759855326792,VALUE,0.0
1759855331792,VALUE,0.0
1759855336792,VALUE,0.0
1759855341790,VALUE,0.0
1759855346792,VALUE,0.0
1759855351788,VALUE,0.0
1759855356790,VALUE,0.0
1759855361788,VALUE,0.0
1759855366788,VALUE,0.0
1759855371788,VALUE,0.0
1759855376790,VALUE,0.0
1759855381788,VALUE,0.0
1759855386791,VALUE,0.0
1759855391790,VALUE,0.0
1759855396785,VALUE,0.0
1759855401786,VALUE,0.0
1759855406789,VALUE,0.0
1759855411786,VALUE,0.0
1759855416790,VALUE,0.0
1759855421787,VALUE,0.0
1759855426786,VALUE,0.0
1759855431786,VALUE,0.0
1759855436787,VALUE,0.0
1759855441787,VALUE,0.0
1759855446786,VALUE,0.0
1759855451787,VALUE,0.0
1759855456792,VALUE,0.0
1759855461787,VALUE,0.0
1759855466787,VALUE,0.0
1759855471783,VALUE,0.0
1759855476792,VALUE,0.0
1759855481787,VALUE,0.0
1759855486786,VALUE,0.0
1759855491786,VALUE,0.0
1759855496782,VALUE,0.0
1759855501783,VALUE,0.0
1759855506787,VALUE,0.0
1759855511780,VALUE,0.0
1759855516786,VALUE,0.0
1759855521782,VALUE,0.0
1759855526786,VALUE,0.0
1759855531779,VALUE,0.0
1759855536780,VALUE,0.0
1759855541772,VALUE,0.0
1759855546760,VALUE,0.0
1759855551750,VALUE,0.0
1759855556750,VALUE,0.0
1759855561742,VALUE,0.0
1759855566739,VALUE,0.0
1759855571739,VALUE,0.0
1759855576739,VALUE,0.0
1759855581735,VALUE,0.0
1759855586734,VALUE,0.0
1759855591735,VALUE,0.0
1759855596732,VALUE,0.0
1759855601733,VALUE,0.0
1759855606733,VALUE,0.0
1759855611732,VALUE,0.0
1759855616732,VALUE,0.0
1759855621728,VALUE,0.0
1759855626733,VALUE,0.0
1759855631732,VALUE,0.0
1759855636732,VALUE,0.0
1759855641727,VALUE,0.0
1759855646730,VALUE,0.0
1759855651729,VALUE,0.0
1759855656725,VALUE,0.0
1759855661729,VALUE,0.0
1759855666728,VALUE,0.0
1759855671729,VALUE,0.0
1759855676725,VALUE,0.0
1759855681730,VALUE,0.0
1759855686728,VALUE,0.0
1759855691728,VALUE,0.0
1759855696728,VALUE,0.0
1759855701728,VALUE,0.0
1759855706733,VALUE,0.0
1759855711725,VALUE,0.0
1759855716728,VALUE,0.0
1759855721726,VALUE,0.0
1759855726724,VALUE,0.0
1759855731720,VALUE,0.0
1759855736728,VALUE,0.0
1759857407902,VALUE,0.0
1759857412906,VALUE,0.0
1759857417897,VALUE,0.0
1759857422896,VALUE,0.0
1759858129676,VALUE,0.0
1759858134669,VALUE,0.0
1759858139668,VALUE,0.0
1759858144672,VALUE,0.0
1759858149671,VALUE,0.0
1759858154674,VALUE,0.0
1759858159674,VALUE,0.0
1759858439343,VALUE,0.0
1759858444339,VALUE,0.0
1759858449339,VALUE,0.0
1759858454341,VALUE,0.0
1759858708526,VALUE,0.0
1759858713521,VALUE,0.0
1759858718515,VALUE,0.0
1759858723519,VALUE,0.0
1759858810015,VALUE,0.0
1759858815008,VALUE,0.0
1759858820006,VALUE,0.0
1759858825008,VALUE,0.0
1759859018572,VALUE,0.0
1759859023572,VALUE,0.0
1759859028568,VALUE,0.0
1759859033568,VALUE,0.0
1759859038567,VALUE,0.0
1759859043572,VALUE,0.0
1759859166045,VALUE,0.0
1759859171043,VALUE,0.0
1759859176035,VALUE,0.0
1759859181039,VALUE,0.0
1759859186039,VALUE,0.0
1759859191036,VALUE,0.0
1759859728597,VALUE,0.0
1759859733601,VALUE,0.0
1759859738600,VALUE,0.0
1759859743598,VALUE,0.0
1759859748600,VALUE,0.0
1759859758523,VALUE,0.0
1759859989857,VALUE,0.0
1759859994868,VALUE,0.0
1759859999854,VALUE,0.0
1759860004856,VALUE,0.0
1759860009859,VALUE,0.0
1759860014856,VALUE,0.0
1759860025641,VALUE,0.0
1759860700819,VALUE,0.0
1759860705815,VALUE,0.0
1759860710812,VALUE,0.0
1759860715818,VALUE,0.0
1759860720817,VALUE,0.0
1759860855255,VALUE,0.0
1759860860242,VALUE,0.0
1759860865242,VALUE,0.0
1759860870237,VALUE,0.0
1759860875243,VALUE,0.0
1759860880242,VALUE,0.0
1759860889617,VALUE,0.0
